node	KO
K00001	K00001
K00002	K00002
K00003	K00003
K00004	K00004
K00005	K00005
K00006	K00006
K00007	K00007
K00008	K00008
K00009	K00009
K00010	K00010
K00011	K00011
K00012	K00012
K00013	K00013
K00014	K00014
K00015	K00015
K00016	K00016
K00018	K00018
K00019	K00019
K00020	K00020
K00021	K00021
K00022	K00022
K00023	K00023
K00024-K00025-K00026	K00024
K00024-K00025-K00026	K00025
K00024-K00025-K00026	K00026
K00027-K00028	K00027
K00027-K00028	K00028
K00029	K00029
K00030	K00030
K00031	K00031
K00032	K00032
K00033	K00033
K00034	K00034
K00035	K00035
K00036	K00036
K00037	K00037
K00038	K00038
K00039	K00039
K00040	K00040
K00041	K00041
K00042	K00042
K00043	K00043
K00044	K00044
K00045	K00045
K00048	K00048
K00049	K00049
K00050	K00050
K00051	K00051
K00052	K00052
K00053	K00053
K00054	K00054
K00055	K00055
K00057	K00057
K00058	K00058
K00059	K00059
K00060	K00060
K00061	K00061
K00064	K00064
K00065	K00065
K00066	K00066
K00067	K00067
K00068	K00068
K00070	K00070
K00071	K00071
K00072	K00072
K00073	K00073
K00074	K00074
K00075	K00075
K00077	K00077
K00078	K00078
K00079	K00079
K00081	K00081
K00082	K00082
K00083	K00083
K00084	K00084
K00086	K00086
K00087	K00087
K00088	K00088
K00089	K00089
K00090	K00090
K00093	K00093
K00094	K00094
K00096	K00096
K00097	K00097
K00099	K00099
K00100	K00100
K00101	K00101
K00102	K00102
K00103	K00103
K00104	K00104
K00105	K00105
K00106	K00106
K00108	K00108
K00109	K00109
K00111-K00112-K00113	K00111
K00111-K00112-K00113	K00112
K00111-K00112-K00113	K00113
K00114	K00114
K00115	K00115
K00116	K00116
K00117	K00117
K00121	K00121
K00122-K00123-K00124-K00125-K00126-K00127	K00122
K00122-K00123-K00124-K00125-K00126-K00127	K00123
K00122-K00123-K00124-K00125-K00126-K00127	K00124
K00122-K00123-K00124-K00125-K00126-K00127	K00125
K00122-K00123-K00124-K00125-K00126-K00127	K00126
K00122-K00123-K00124-K00125-K00126-K00127	K00127
K00128	K00128
K00129	K00129
K00130	K00130
K00131	K00131
K00132	K00132
K00133	K00133
K00134	K00134
K00135	K00135
K00137	K00137
K00138	K00138
K00139	K00139
K00140	K00140
K00141	K00141
K00143	K00143
K00145	K00145
K00146	K00146
K00147	K00147
K00148	K00148
K00149	K00149
K00150	K00150
K00151	K00151
K00152	K00152
K00156	K00156
K00157	K00157
K00158	K00158
K00161-K00162-K00163	K00161
K00161-K00162-K00163	K00162
K00161-K00162-K00163	K00163
K00164	K00164
K00166-K00167	K00166
K00166-K00167	K00167
K00169-K00170-K00171-K00172	K00169
K00169-K00170-K00171-K00172	K00170
K00169-K00170-K00171-K00172	K00171
K00169-K00170-K00171-K00172	K00172
K00174-K00175-K00176-K00177	K00174
K00174-K00175-K00176-K00177	K00175
K00174-K00175-K00176-K00177	K00176
K00174-K00175-K00176-K00177	K00177
K00186-K00187-K00188-K00189	K00186
K00186-K00187-K00188-K00189	K00187
K00186-K00187-K00188-K00189	K00188
K00186-K00187-K00188-K00189	K00189
K00192	K00192
K00193	K00193
K00194	K00194
K00195	K00195
K00196	K00196
K00197	K00197
K00198	K00198
K00200-K00201-K00202-K00203-K00204-K00205	K00200
K00200-K00201-K00202-K00203-K00204-K00205	K00201
K00200-K00201-K00202-K00203-K00204-K00205	K00202
K00200-K00201-K00202-K00203-K00204-K00205	K00203
K00200-K00201-K00202-K00203-K00204-K00205	K00204
K00200-K00201-K00202-K00203-K00204-K00205	K00205
K00207	K00207
K00208	K00208
K00209	K00209
K00210	K00210
K00211	K00211
K00212	K00212
K00213	K00213
K00214	K00214
K00215	K00215
K00216	K00216
K00217	K00217
K00218	K00218
K00220	K00220
K00222	K00222
K00223	K00223
K00225	K00225
K00226	K00226
K00227	K00227
K00228	K00228
K00230	K00230
K00231	K00231
K00232	K00232
K00234-K00235-K00236-K00237	K00234
K00234-K00235-K00236-K00237	K00235
K00234-K00235-K00236-K00237	K00236
K00234-K00235-K00236-K00237	K00237
K00239-K00240-K00241-K00242	K00239
K00239-K00240-K00241-K00242	K00240
K00239-K00240-K00241-K00242	K00241
K00239-K00240-K00241-K00242	K00242
K00244-K00245-K00246-K00247	K00244
K00244-K00245-K00246-K00247	K00245
K00244-K00245-K00246-K00247	K00246
K00244-K00245-K00246-K00247	K00247
K00248	K00248
K00249	K00249
K00251	K00251
K00252	K00252
K00253	K00253
K00254	K00254
K00255	K00255
K00257	K00257
K00259	K00259
K00260	K00260
K00261	K00261
K00262	K00262
K00263	K00263
K00264-K00265-K00266	K00264
K00264-K00265-K00266	K00265
K00264-K00265-K00266	K00266
K00270	K00270
K00271	K00271
K00272	K00272
K00273	K00273
K00274	K00274
K00275	K00275
K00276	K00276
K00278	K00278
K00279	K00279
K00281-K00282-K00283	K00281
K00281-K00282-K00283	K00282
K00281-K00282-K00283	K00283
K00284	K00284
K00285	K00285
K00286	K00286
K00287	K00287
K00288	K00288
K00289	K00289
K00290	K00290
K00291	K00291
K00292	K00292
K00293	K00293
K00294	K00294
K00295	K00295
K00296	K00296
K00297	K00297
K00299	K00299
K00301-K00302-K00303-K00304-K00305	K00301
K00301-K00302-K00303-K00304-K00305	K00302
K00301-K00302-K00303-K00304-K00305	K00303
K00301-K00302-K00303-K00304-K00305	K00304
K00301-K00302-K00303-K00304-K00305	K00305
K00306	K00306
K00307	K00307
K00310	K00310
K00314	K00314
K00315	K00315
K00316	K00316
K00317	K00317
K00318	K00318
K00319	K00319
K00320	K00320
K00322-K00323-K00324-K00325	K00322
K00322-K00323-K00324-K00325	K00323
K00322-K00323-K00324-K00325	K00324
K00322-K00323-K00324-K00325	K00325
K00326	K00326
K00328	K00328
K00329-K00330-K00331-K00332-K00333-K00334-K00335-K00336-K00337-K00338-K00339-K00340-K00341-K00342-K00343	K00329
K00329-K00330-K00331-K00332-K00333-K00334-K00335-K00336-K00337-K00338-K00339-K00340-K00341-K00342-K00343	K00330
K00329-K00330-K00331-K00332-K00333-K00334-K00335-K00336-K00337-K00338-K00339-K00340-K00341-K00342-K00343	K00331
K00329-K00330-K00331-K00332-K00333-K00334-K00335-K00336-K00337-K00338-K00339-K00340-K00341-K00342-K00343	K00332
K00329-K00330-K00331-K00332-K00333-K00334-K00335-K00336-K00337-K00338-K00339-K00340-K00341-K00342-K00343	K00333
K00329-K00330-K00331-K00332-K00333-K00334-K00335-K00336-K00337-K00338-K00339-K00340-K00341-K00342-K00343	K00334
K00329-K00330-K00331-K00332-K00333-K00334-K00335-K00336-K00337-K00338-K00339-K00340-K00341-K00342-K00343	K00335
K00329-K00330-K00331-K00332-K00333-K00334-K00335-K00336-K00337-K00338-K00339-K00340-K00341-K00342-K00343	K00336
K00329-K00330-K00331-K00332-K00333-K00334-K00335-K00336-K00337-K00338-K00339-K00340-K00341-K00342-K00343	K00337
K00329-K00330-K00331-K00332-K00333-K00334-K00335-K00336-K00337-K00338-K00339-K00340-K00341-K00342-K00343	K00338
K00329-K00330-K00331-K00332-K00333-K00334-K00335-K00336-K00337-K00338-K00339-K00340-K00341-K00342-K00343	K00339
K00329-K00330-K00331-K00332-K00333-K00334-K00335-K00336-K00337-K00338-K00339-K00340-K00341-K00342-K00343	K00340
K00329-K00330-K00331-K00332-K00333-K00334-K00335-K00336-K00337-K00338-K00339-K00340-K00341-K00342-K00343	K00341
K00329-K00330-K00331-K00332-K00333-K00334-K00335-K00336-K00337-K00338-K00339-K00340-K00341-K00342-K00343	K00342
K00329-K00330-K00331-K00332-K00333-K00334-K00335-K00336-K00337-K00338-K00339-K00340-K00341-K00342-K00343	K00343
K00355	K00355
K00357	K00357
K00360	K00360
K00362-K00363	K00362
K00362-K00363	K00363
K00364	K00364
K00365	K00365
K00366	K00366
K00367	K00367
K00368	K00368
K00370-K00371-K00372-K00373-K00374	K00370
K00370-K00371-K00372-K00373-K00374	K00371
K00370-K00371-K00372-K00373-K00374	K00372
K00370-K00371-K00372-K00373-K00374	K00373
K00370-K00371-K00372-K00373-K00374	K00374
K00376	K00376
K00380-K00381	K00380
K00380-K00381	K00381
K00382	K00382
K00383	K00383
K00384	K00384
K00385	K00385
K00387	K00387
K00390	K00390
K00392	K00392
K00394-K00395	K00394
K00394-K00395	K00395
K00399	K00399
K00401-K00402	K00401
K00401-K00402	K00402
K00422	K00422
K00423	K00423
K00430	K00430
K00431	K00431
K00432	K00432
K00434	K00434
K00440-K00441-K00442-K00443	K00440
K00440-K00441-K00442-K00443	K00441
K00440-K00441-K00442-K00443	K00442
K00440-K00441-K00442-K00443	K00443
K00446	K00446
K00448-K00449	K00448
K00448-K00449	K00449
K00450	K00450
K00451	K00451
K00452	K00452
K00453	K00453
K00454	K00454
K00455	K00455
K00456	K00456
K00457	K00457
K00458	K00458
K00459	K00459
K00460	K00460
K00461	K00461
K00462	K00462
K00463	K00463
K00466	K00466
K00467	K00467
K00468	K00468
K00469	K00469
K00471	K00471
K00472	K00472
K00473	K00473
K00474	K00474
K00475	K00475
K00480	K00480
K00481	K00481
K00483-K00484	K00483
K00483-K00484	K00484
K00485	K00485
K00486	K00486
K00487	K00487
K00488	K00488
K00489	K00489
K00491	K00491
K00492	K00492
K00493	K00493
K00497	K00497
K00498	K00498
K00499	K00499
K00500	K00500
K00501	K00501
K00502	K00502
K00503	K00503
K00505	K00505
K00506	K00506
K00507	K00507
K00508	K00508
K00509	K00509
K00511	K00511
K00512	K00512
K00513	K00513
K00514	K00514
K00515	K00515
K00517	K00517
K00523	K00523
K00524-K00525-K00526	K00524
K00524-K00525-K00526	K00525
K00524-K00525-K00526	K00526
K00527	K00527
K00529	K00529
K00531	K00531
K00539	K00539
K00541	K00541
K00542	K00542
K00543	K00543
K00544	K00544
K00545	K00545
K00546	K00546
K00547	K00547
K00548	K00548
K00549	K00549
K00550	K00550
K00551	K00551
K00552	K00552
K00553	K00553
K00558	K00558
K00559	K00559
K00560	K00560
K00562	K00562
K00568	K00568
K00569	K00569
K00570	K00570
K00577-K00578-K00579-K00580-K00581-K00582-K00583-K00584	K00577
K00577-K00578-K00579-K00580-K00581-K00582-K00583-K00584	K00578
K00577-K00578-K00579-K00580-K00581-K00582-K00583-K00584	K00579
K00577-K00578-K00579-K00580-K00581-K00582-K00583-K00584	K00580
K00577-K00578-K00579-K00580-K00581-K00582-K00583-K00584	K00581
K00577-K00578-K00579-K00580-K00581-K00582-K00583-K00584	K00582
K00577-K00578-K00579-K00580-K00581-K00582-K00583-K00584	K00583
K00577-K00578-K00579-K00580-K00581-K00582-K00583-K00584	K00584
K00588	K00588
K00589	K00589
K00591	K00591
K00595	K00595
K00600	K00600
K00601	K00601
K00602	K00602
K00603	K00603
K00604	K00604
K00605	K00605
K00606	K00606
K00608-K00609-K00610	K00608
K00608-K00609-K00610	K00609
K00608-K00609-K00610	K00610
K00611	K00611
K00613	K00613
K00615	K00615
K00616	K00616
K00618-K00619	K00618
K00618-K00619	K00619
K00620	K00620
K00621	K00621
K00622	K00622
K00623	K00623
K00625	K00625
K00626	K00626
K00627	K00627
K00628	K00628
K00629-K00630-K00631	K00629
K00629-K00630-K00631	K00630
K00629-K00630-K00631	K00631
K00632	K00632
K00634	K00634
K00635	K00635
K00637	K00637
K00639	K00639
K00640	K00640
K00641	K00641
K00643	K00643
K00645	K00645
K00647	K00647
K00648	K00648
K00649	K00649
K00650	K00650
K00651	K00651
K00652	K00652
K00654	K00654
K00655	K00655
K00656	K00656
K00657	K00657
K00658	K00658
K00659	K00659
K00660	K00660
K00665	K00665
K00667	K00667
K00668	K00668
K00669	K00669
K00672	K00672
K00673	K00673
K00674	K00674
K00677	K00677
K00678	K00678
K00679	K00679
K00680	K00680
K00681	K00681
K00682	K00682
K00689-K00690	K00689
K00689-K00690	K00690
K00691	K00691
K00692	K00692
K00693-K00694	K00693
K00693-K00694	K00694
K00695	K00695
K00696	K00696
K00697	K00697
K00698	K00698
K00699	K00699
K00702	K00702
K00703	K00703
K00704	K00704
K00705	K00705
K00706	K00706
K00720	K00720
K00721	K00721
K00729	K00729
K00747	K00747
K00748	K00748
K00754	K00754
K00756	K00756
K00757	K00757
K00758	K00758
K00759	K00759
K00760	K00760
K00761	K00761
K00762	K00762
K00763	K00763
K00764	K00764
K00765	K00765
K00766	K00766
K00767	K00767
K00768	K00768
K00769	K00769
K00770	K00770
K00772	K00772
K00787	K00787
K00788	K00788
K00789	K00789
K00790	K00790
K00791	K00791
K00793	K00793
K00794	K00794
K00795	K00795
K00796	K00796
K00797	K00797
K00798	K00798
K00799	K00799
K00800	K00800
K00801	K00801
K00802	K00802
K00803	K00803
K00804	K00804
K00805	K00805
K00806	K00806
K00807	K00807
K00808	K00808
K00811-K00812-K00813	K00811
K00811-K00812-K00813	K00812
K00811-K00812-K00813	K00813
K00814	K00814
K00815	K00815
K00816	K00816
K00817	K00817
K00818	K00818
K00819	K00819
K00820	K00820
K00821	K00821
K00822	K00822
K00823	K00823
K00824	K00824
K00825	K00825
K00826	K00826
K00827	K00827
K00830	K00830
K00831	K00831
K00832	K00832
K00833	K00833
K00835	K00835
K00836	K00836
K00838	K00838
K00839	K00839
K00840	K00840
K00841	K00841
K00844	K00844
K00845	K00845
K00846	K00846
K00847	K00847
K00848	K00848
K00849	K00849
K00850	K00850
K00851	K00851
K00852	K00852
K00853	K00853
K00854	K00854
K00855	K00855
K00856	K00856
K00857	K00857
K00858	K00858
K00859	K00859
K00860	K00860
K00861	K00861
K00863	K00863
K00864	K00864
K00865	K00865
K00866	K00866
K00867	K00867
K00868	K00868
K00869	K00869
K00872	K00872
K00873	K00873
K00874	K00874
K00875	K00875
K00876	K00876
K00877	K00877
K00878	K00878
K00879	K00879
K00880	K00880
K00881	K00881
K00882	K00882
K00883	K00883
K00884	K00884
K00885	K00885
K00886	K00886
K00887	K00887
K00888	K00888
K00889	K00889
K00891	K00891
K00892	K00892
K00893	K00893
K00894	K00894
K00895	K00895
K00899	K00899
K00900	K00900
K00901	K00901
K00902	K00902
K00904	K00904
K00911	K00911
K00912	K00912
K00913	K00913
K00914	K00914
K00915	K00915
K00917	K00917
K00918	K00918
K00919	K00919
K00920	K00920
K00921	K00921
K00922	K00922
K00923	K00923
K00925	K00925
K00926	K00926
K00927	K00927
K00928	K00928
K00929	K00929
K00930	K00930
K00931	K00931
K00932	K00932
K00933	K00933
K00934	K00934
K00938	K00938
K00939	K00939
K00940	K00940
K00941	K00941
K00942	K00942
K00943	K00943
K00944	K00944
K00945	K00945
K00946	K00946
K00948	K00948
K00949	K00949
K00950	K00950
K00951	K00951
K00952	K00952
K00953	K00953
K00954	K00954
K00955	K00955
K00956-K00957-K00958	K00956
K00956-K00957-K00958	K00957
K00956-K00957-K00958	K00958
K00962	K00962
K00963	K00963
K00965	K00965
K00966	K00966
K00967	K00967
K00968	K00968
K00969	K00969
K00971	K00971
K00972	K00972
K00973	K00973
K00975	K00975
K00976	K00976
K00978	K00978
K00979	K00979
K00980	K00980
K00981	K00981
K00983	K00983
K00988	K00988
K00991	K00991
K00993	K00993
K00994	K00994
K00995	K00995
K00997	K00997
K00998	K00998
K00999	K00999
K01000	K01000
K01001	K01001
K01004	K01004
K01006-K01007	K01006
K01006-K01007	K01007
K01008	K01008
K01011	K01011
K01012	K01012
K01015	K01015
K01016	K01016
K01017	K01017
K01019	K01019
K01020	K01020
K01026	K01026
K01027-K01028-K01029	K01027
K01027-K01028-K01029	K01028
K01027-K01028-K01029	K01029
K01031-K01032	K01031
K01031-K01032	K01032
K01034-K01035	K01034
K01034-K01035	K01035
K01039-K01040	K01039
K01039-K01040	K01040
K01041	K01041
K01042	K01042
K01044	K01044
K01045	K01045
K01046	K01046
K01047	K01047
K01049	K01049
K01051	K01051
K01052	K01052
K01053	K01053
K01054	K01054
K01055	K01055
K01057	K01057
K01058	K01058
K01059	K01059
K01060	K01060
K01061	K01061
K01062	K01062
K01063	K01063
K01067	K01067
K01068	K01068
K01069	K01069
K01070	K01070
K01071	K01071
K01074	K01074
K01075	K01075
K01077	K01077
K01078	K01078
K01079	K01079
K01080	K01080
K01081	K01081
K01082	K01082
K01083	K01083
K01084	K01084
K01085	K01085
K01086	K01086
K01087	K01087
K01089	K01089
K01091	K01091
K01092	K01092
K01093	K01093
K01094-K01095-K01096	K01094
K01094-K01095-K01096	K01095
K01094-K01095-K01096	K01096
K01097	K01097
K01099	K01099
K01100	K01100
K01101	K01101
K01103	K01103
K01106	K01106
K01107	K01107
K01108	K01108
K01109	K01109
K01110	K01110
K01113	K01113
K01114	K01114
K01115	K01115
K01116	K01116
K01117	K01117
K01119	K01119
K01120	K01120
K01122	K01122
K01123	K01123
K01126	K01126
K01129	K01129
K01130	K01130
K01131	K01131
K01134	K01134
K01139	K01139
K01178	K01178
K01179	K01179
K01182	K01182
K01183	K01183
K01184	K01184
K01186	K01186
K01187	K01187
K01188	K01188
K01189	K01189
K01190	K01190
K01193	K01193
K01194	K01194
K01195	K01195
K01196	K01196
K01198	K01198
K01199	K01199
K01201	K01201
K01202	K01202
K01203	K01203
K01207	K01207
K01213	K01213
K01218	K01218
K01220	K01220
K01222	K01222
K01223	K01223
K01225	K01225
K01226	K01226
K01229	K01229
K01232	K01232
K01237	K01237
K01239	K01239
K01240	K01240
K01241	K01241
K01242	K01242
K01243	K01243
K01244	K01244
K01251	K01251
K01252	K01252
K01253	K01253
K01254	K01254
K01255-K01256	K01255
K01255-K01256	K01256
K01270	K01270
K01307	K01307
K01424	K01424
K01425	K01425
K01426	K01426
K01427-K01428-K01429-K01430	K01427
K01427-K01428-K01429-K01430	K01428
K01427-K01428-K01429-K01430	K01429
K01427-K01428-K01429-K01430	K01430
K01431	K01431
K01432	K01432
K01433	K01433
K01434	K01434
K01435	K01435
K01437	K01437
K01438	K01438
K01439	K01439
K01440	K01440
K01441	K01441
K01442	K01442
K01443	K01443
K01448	K01448
K01450	K01450
K01451	K01451
K01452	K01452
K01455	K01455
K01457	K01457
K01458	K01458
K01460	K01460
K01464	K01464
K01465	K01465
K01466	K01466
K01467	K01467
K01468	K01468
K01469	K01469
K01470	K01470
K01473-K01474	K01473
K01473-K01474	K01474
K01476	K01476
K01477	K01477
K01478	K01478
K01479	K01479
K01480	K01480
K01483	K01483
K01484	K01484
K01485	K01485
K01486	K01486
K01487	K01487
K01488	K01488
K01489	K01489
K01490	K01490
K01491	K01491
K01492	K01492
K01493	K01493
K01494	K01494
K01495	K01495
K01496	K01496
K01497	K01497
K01498	K01498
K01499	K01499
K01501	K01501
K01502	K01502
K01505	K01505
K01509	K01509
K01510	K01510
K01511	K01511
K01512	K01512
K01513	K01513
K01514	K01514
K01515	K01515
K01517	K01517
K01518	K01518
K01519	K01519
K01520	K01520
K01521	K01521
K01522	K01522
K01523	K01523
K01524	K01524
K01525	K01525
K01555	K01555
K01556	K01556
K01557	K01557
K01560-K01561	K01560
K01560-K01561	K01561
K01563	K01563
K01568	K01568
K01569	K01569
K01571-K01572-K01573	K01571
K01571-K01572-K01573	K01572
K01571-K01572-K01573	K01573
K01574	K01574
K01575	K01575
K01576	K01576
K01577	K01577
K01578	K01578
K01579	K01579
K01580	K01580
K01581	K01581
K01582	K01582
K01583-K01584-K01585	K01583
K01583-K01584-K01585	K01584
K01583-K01584-K01585	K01585
K01586	K01586
K01587	K01587
K01588	K01588
K01589	K01589
K01590	K01590
K01591	K01591
K01592	K01592
K01593	K01593
K01594	K01594
K01595	K01595
K01596	K01596
K01597	K01597
K01598	K01598
K01599	K01599
K01601-K01602	K01601
K01601-K01602	K01602
K01607	K01607
K01608	K01608
K01609	K01609
K01610	K01610
K01611	K01611
K01612	K01612
K01613	K01613
K01615	K01615
K01617	K01617
K01619	K01619
K01620	K01620
K01621	K01621
K01622	K01622
K01623-K01624	K01623
K01623-K01624	K01624
K01625	K01625
K01626	K01626
K01627	K01627
K01628	K01628
K01629	K01629
K01630	K01630
K01631	K01631
K01633	K01633
K01634	K01634
K01635	K01635
K01637	K01637
K01638	K01638
K01639	K01639
K01640	K01640
K01641	K01641
K01647	K01647
K01648	K01648
K01649	K01649
K01652-K01653	K01652
K01652-K01653	K01653
K01654	K01654
K01655	K01655
K01656	K01656
K01657-K01658	K01657
K01657-K01658	K01658
K01659	K01659
K01661	K01661
K01662	K01662
K01663	K01663
K01664-K01665	K01664
K01664-K01665	K01665
K01666	K01666
K01667	K01667
K01668	K01668
K01670	K01670
K01672-K01673-K01674	K01672
K01672-K01673-K01674	K01673
K01672-K01673-K01674	K01674
K01676-K01677-K01678-K01679	K01676
K01676-K01677-K01678-K01679	K01677
K01676-K01677-K01678-K01679	K01678
K01676-K01677-K01678-K01679	K01679
K01681	K01681
K01682	K01682
K01684	K01684
K01685	K01685
K01686	K01686
K01687	K01687
K01689	K01689
K01690	K01690
K01692	K01692
K01693	K01693
K01694	K01694
K01695-K01696	K01695
K01695-K01696	K01696
K01697	K01697
K01698	K01698
K01699	K01699
K01702	K01702
K01703-K01704	K01703
K01703-K01704	K01704
K01705	K01705
K01706	K01706
K01707	K01707
K01708	K01708
K01709	K01709
K01710	K01710
K01711	K01711
K01712	K01712
K01713	K01713
K01714	K01714
K01715	K01715
K01716	K01716
K01718	K01718
K01719	K01719
K01720	K01720
K01721	K01721
K01723	K01723
K01725	K01725
K01728	K01728
K01730	K01730
K01733	K01733
K01734	K01734
K01735	K01735
K01736	K01736
K01737	K01737
K01738	K01738
K01739	K01739
K01740	K01740
K01744	K01744
K01745	K01745
K01746	K01746
K01749	K01749
K01750	K01750
K01752	K01752
K01753	K01753
K01754	K01754
K01755	K01755
K01756	K01756
K01757	K01757
K01758	K01758
K01759	K01759
K01760	K01760
K01761	K01761
K01762	K01762
K01763	K01763
K01764	K01764
K01768	K01768
K01769	K01769
K01770	K01770
K01771	K01771
K01772	K01772
K01775	K01775
K01776	K01776
K01777	K01777
K01778	K01778
K01779	K01779
K01781	K01781
K01782	K01782
K01783	K01783
K01784	K01784
K01785	K01785
K01786	K01786
K01787	K01787
K01788	K01788
K01790	K01790
K01791	K01791
K01792	K01792
K01794	K01794
K01796	K01796
K01799	K01799
K01800	K01800
K01801	K01801
K01803	K01803
K01804	K01804
K01805	K01805
K01807	K01807
K01808	K01808
K01809	K01809
K01810	K01810
K01812	K01812
K01813	K01813
K01814	K01814
K01815	K01815
K01816	K01816
K01817	K01817
K01818	K01818
K01819	K01819
K01820	K01820
K01821	K01821
K01822	K01822
K01823	K01823
K01824	K01824
K01825	K01825
K01826	K01826
K01827	K01827
K01830	K01830
K01831	K01831
K01832	K01832
K01833	K01833
K01834	K01834
K01835	K01835
K01836	K01836
K01837	K01837
K01838	K01838
K01839	K01839
K01840	K01840
K01841	K01841
K01843	K01843
K01844	K01844
K01845	K01845
K01846	K01846
K01847-K01848-K01849	K01847
K01847-K01848-K01849	K01848
K01847-K01848-K01849	K01849
K01850	K01850
K01851	K01851
K01852	K01852
K01853	K01853
K01854	K01854
K01856	K01856
K01857	K01857
K01858	K01858
K01859	K01859
K01860	K01860
K01866	K01866
K01867	K01867
K01868	K01868
K01869	K01869
K01870	K01870
K01872	K01872
K01873	K01873
K01874	K01874
K01875	K01875
K01876	K01876
K01878-K01879-K01880	K01878
K01878-K01879-K01880	K01879
K01878-K01879-K01880	K01880
K01881	K01881
K01883-K01884	K01883
K01883-K01884	K01884
K01885	K01885
K01886	K01886
K01887	K01887
K01889-K01890	K01889
K01889-K01890	K01890
K01892	K01892
K01893	K01893
K01895	K01895
K01896	K01896
K01897	K01897
K01899-K01900	K01899
K01899-K01900	K01900
K01902-K01903	K01902
K01902-K01903	K01903
K01904	K01904
K01905	K01905
K01906	K01906
K01907	K01907
K01908	K01908
K01909	K01909
K01911	K01911
K01912	K01912
K01914	K01914
K01915	K01915
K01916	K01916
K01917	K01917
K01918	K01918
K01919	K01919
K01920	K01920
K01921	K01921
K01922	K01922
K01923	K01923
K01924	K01924
K01925	K01925
K01928	K01928
K01929	K01929
K01930	K01930
K01933	K01933
K01934	K01934
K01935	K01935
K01937	K01937
K01938	K01938
K01939	K01939
K01940	K01940
K01941	K01941
K01942	K01942
K01945	K01945
K01947	K01947
K01948	K01948
K01950	K01950
K01951	K01951
K01952	K01952
K01953	K01953
K01954-K01955-K01956	K01954
K01954-K01955-K01956	K01955
K01954-K01955-K01956	K01956
K01958-K01959-K01960	K01958
K01958-K01959-K01960	K01959
K01958-K01959-K01960	K01960
K01961-K01962-K01963	K01961
K01961-K01962-K01963	K01962
K01961-K01962-K01963	K01963
K01964	K01964
K01965-K01966	K01965
K01965-K01966	K01966
K01968-K01969	K01968
K01968-K01969	K01969
K02079	K02079
K02080	K02080
K02083	K02083
K02160	K02160
K02169	K02169
K02170	K02170
K02188	K02188
K02189	K02189
K02190	K02190
K02191	K02191
K02201	K02201
K02203	K02203
K02204	K02204
K02224	K02224
K02225	K02225
K02226	K02226
K02227	K02227
K02228	K02228
K02229	K02229
K02230	K02230
K02231	K02231
K02232	K02232
K02233	K02233
K02257	K02257
K02259	K02259
K02274-K02275-K02276	K02274
K02274-K02275-K02276	K02275
K02274-K02275-K02276	K02276
K02291	K02291
K02292	K02292
K02293	K02293
K02294	K02294
K02301	K02301
K02302	K02302
K02303	K02303
K02304	K02304
K02305	K02305
K02318	K02318
K02319-K02320-K02321-K02322-K02323-K02324-K02325-K02326-K02327-K02328	K02319
K02319-K02320-K02321-K02322-K02323-K02324-K02325-K02326-K02327-K02328	K02320
K02319-K02320-K02321-K02322-K02323-K02324-K02325-K02326-K02327-K02328	K02321
K02319-K02320-K02321-K02322-K02323-K02324-K02325-K02326-K02327-K02328	K02322
K02319-K02320-K02321-K02322-K02323-K02324-K02325-K02326-K02327-K02328	K02323
K02319-K02320-K02321-K02322-K02323-K02324-K02325-K02326-K02327-K02328	K02324
K02319-K02320-K02321-K02322-K02323-K02324-K02325-K02326-K02327-K02328	K02325
K02319-K02320-K02321-K02322-K02323-K02324-K02325-K02326-K02327-K02328	K02326
K02319-K02320-K02321-K02322-K02323-K02324-K02325-K02326-K02327-K02328	K02327
K02319-K02320-K02321-K02322-K02323-K02324-K02325-K02326-K02327-K02328	K02328
K02335	K02335
K02337-K02338-K02339-K02340-K02341-K02342-K02343-K02344-K02345	K02337
K02337-K02338-K02339-K02340-K02341-K02342-K02343-K02344-K02345	K02338
K02337-K02338-K02339-K02340-K02341-K02342-K02343-K02344-K02345	K02339
K02337-K02338-K02339-K02340-K02341-K02342-K02343-K02344-K02345	K02340
K02337-K02338-K02339-K02340-K02341-K02342-K02343-K02344-K02345	K02341
K02337-K02338-K02339-K02340-K02341-K02342-K02343-K02344-K02345	K02342
K02337-K02338-K02339-K02340-K02341-K02342-K02343-K02344-K02345	K02343
K02337-K02338-K02339-K02340-K02341-K02342-K02343-K02344-K02345	K02344
K02337-K02338-K02339-K02340-K02341-K02342-K02343-K02344-K02345	K02345
K02361	K02361
K02371	K02371
K02372	K02372
K02377	K02377
K02428	K02428
K02433-K02434-K02435	K02433
K02433-K02434-K02435	K02434
K02433-K02434-K02435	K02435
K02437	K02437
K02439	K02439
K02446	K02446
K02472	K02472
K02473	K02473
K02474	K02474
K02492	K02492
K02495	K02495
K02496	K02496
K02500-K02501	K02500
K02500-K02501	K02501
K02502	K02502
K02509	K02509
K02510	K02510
K02517	K02517
K02523	K02523
K02527	K02527
K02535	K02535
K02536	K02536
K02548	K02548
K02549	K02549
K02551	K02551
K02552	K02552
K02554	K02554
K02560	K02560
K02563	K02563
K02564	K02564
K02567	K02567
K02568	K02568
K02586	K02586
K02588	K02588
K02591	K02591
K02594	K02594
K02609-K02610-K02611-K02612-K02613	K02609
K02609-K02610-K02611-K02612-K02613	K02610
K02609-K02610-K02611-K02612-K02613	K02611
K02609-K02610-K02611-K02612-K02613	K02612
K02609-K02610-K02611-K02612-K02613	K02613
K02614	K02614
K02615	K02615
K02618	K02618
K02619	K02619
K02626	K02626
K02636	K02636
K02684-K02685	K02684
K02684-K02685	K02685
K02744	K02744
K02745-K02746-K02747	K02745
K02745-K02746-K02747	K02746
K02745-K02746-K02747	K02747
K02749-K02750	K02749
K02749-K02750	K02750
K02752-K02753	K02752
K02752-K02753	K02753
K02763-K02764-K02765	K02763
K02763-K02764-K02765	K02764
K02763-K02764-K02765	K02765
K02768-K02769-K02770	K02768
K02768-K02769-K02770	K02769
K02768-K02769-K02770	K02770
K02771	K02771
K02773-K02774-K02775	K02773
K02773-K02774-K02775	K02774
K02773-K02774-K02775	K02775
K02777	K02777
K02778-K02779	K02778
K02778-K02779	K02779
K02781-K02782-K02783	K02781
K02781-K02782-K02783	K02782
K02781-K02782-K02783	K02783
K02786-K02787-K02788	K02786
K02786-K02787-K02788	K02787
K02786-K02787-K02788	K02788
K02790-K02791	K02790
K02790-K02791	K02791
K02793-K02794-K02795-K02796	K02793
K02793-K02794-K02795-K02796	K02794
K02793-K02794-K02795-K02796	K02795
K02793-K02794-K02795-K02796	K02796
K02798-K02799-K02800	K02798
K02798-K02799-K02800	K02799
K02798-K02799-K02800	K02800
K02802-K02803-K02804	K02802
K02802-K02803-K02804	K02803
K02802-K02803-K02804	K02804
K02808-K02809-K02810	K02808
K02808-K02809-K02810	K02809
K02808-K02809-K02810	K02810
K02812-K02813-K02814-K02815	K02812
K02812-K02813-K02814-K02815	K02813
K02812-K02813-K02814-K02815	K02814
K02812-K02813-K02814-K02815	K02815
K02817-K02818-K02819	K02817
K02817-K02818-K02819	K02818
K02817-K02818-K02819	K02819
K02821-K02822	K02821
K02821-K02822	K02822
K02825	K02825
K02826-K02827-K02828-K02829	K02826
K02826-K02827-K02828-K02829	K02827
K02826-K02827-K02828-K02829	K02828
K02826-K02827-K02828-K02829	K02829
K02858	K02858
K02999-K03000-K03001-K03002-K03003-K03004-K03005-K03006-K03007-K03008-K03009-K03010-K03011-K03012-K03013-K03014-K03015-K03016-K03017-K03018-K03019-K03020-K03021-K03022-K03023-K03024-K03025-K03026-K03027	K02999
K02999-K03000-K03001-K03002-K03003-K03004-K03005-K03006-K03007-K03008-K03009-K03010-K03011-K03012-K03013-K03014-K03015-K03016-K03017-K03018-K03019-K03020-K03021-K03022-K03023-K03024-K03025-K03026-K03027	K03000
K02999-K03000-K03001-K03002-K03003-K03004-K03005-K03006-K03007-K03008-K03009-K03010-K03011-K03012-K03013-K03014-K03015-K03016-K03017-K03018-K03019-K03020-K03021-K03022-K03023-K03024-K03025-K03026-K03027	K03001
K02999-K03000-K03001-K03002-K03003-K03004-K03005-K03006-K03007-K03008-K03009-K03010-K03011-K03012-K03013-K03014-K03015-K03016-K03017-K03018-K03019-K03020-K03021-K03022-K03023-K03024-K03025-K03026-K03027	K03002
K02999-K03000-K03001-K03002-K03003-K03004-K03005-K03006-K03007-K03008-K03009-K03010-K03011-K03012-K03013-K03014-K03015-K03016-K03017-K03018-K03019-K03020-K03021-K03022-K03023-K03024-K03025-K03026-K03027	K03003
K02999-K03000-K03001-K03002-K03003-K03004-K03005-K03006-K03007-K03008-K03009-K03010-K03011-K03012-K03013-K03014-K03015-K03016-K03017-K03018-K03019-K03020-K03021-K03022-K03023-K03024-K03025-K03026-K03027	K03004
K02999-K03000-K03001-K03002-K03003-K03004-K03005-K03006-K03007-K03008-K03009-K03010-K03011-K03012-K03013-K03014-K03015-K03016-K03017-K03018-K03019-K03020-K03021-K03022-K03023-K03024-K03025-K03026-K03027	K03005
K02999-K03000-K03001-K03002-K03003-K03004-K03005-K03006-K03007-K03008-K03009-K03010-K03011-K03012-K03013-K03014-K03015-K03016-K03017-K03018-K03019-K03020-K03021-K03022-K03023-K03024-K03025-K03026-K03027	K03006
K02999-K03000-K03001-K03002-K03003-K03004-K03005-K03006-K03007-K03008-K03009-K03010-K03011-K03012-K03013-K03014-K03015-K03016-K03017-K03018-K03019-K03020-K03021-K03022-K03023-K03024-K03025-K03026-K03027	K03007
K02999-K03000-K03001-K03002-K03003-K03004-K03005-K03006-K03007-K03008-K03009-K03010-K03011-K03012-K03013-K03014-K03015-K03016-K03017-K03018-K03019-K03020-K03021-K03022-K03023-K03024-K03025-K03026-K03027	K03008
K02999-K03000-K03001-K03002-K03003-K03004-K03005-K03006-K03007-K03008-K03009-K03010-K03011-K03012-K03013-K03014-K03015-K03016-K03017-K03018-K03019-K03020-K03021-K03022-K03023-K03024-K03025-K03026-K03027	K03009
K02999-K03000-K03001-K03002-K03003-K03004-K03005-K03006-K03007-K03008-K03009-K03010-K03011-K03012-K03013-K03014-K03015-K03016-K03017-K03018-K03019-K03020-K03021-K03022-K03023-K03024-K03025-K03026-K03027	K03010
K02999-K03000-K03001-K03002-K03003-K03004-K03005-K03006-K03007-K03008-K03009-K03010-K03011-K03012-K03013-K03014-K03015-K03016-K03017-K03018-K03019-K03020-K03021-K03022-K03023-K03024-K03025-K03026-K03027	K03011
K02999-K03000-K03001-K03002-K03003-K03004-K03005-K03006-K03007-K03008-K03009-K03010-K03011-K03012-K03013-K03014-K03015-K03016-K03017-K03018-K03019-K03020-K03021-K03022-K03023-K03024-K03025-K03026-K03027	K03012
K02999-K03000-K03001-K03002-K03003-K03004-K03005-K03006-K03007-K03008-K03009-K03010-K03011-K03012-K03013-K03014-K03015-K03016-K03017-K03018-K03019-K03020-K03021-K03022-K03023-K03024-K03025-K03026-K03027	K03013
K02999-K03000-K03001-K03002-K03003-K03004-K03005-K03006-K03007-K03008-K03009-K03010-K03011-K03012-K03013-K03014-K03015-K03016-K03017-K03018-K03019-K03020-K03021-K03022-K03023-K03024-K03025-K03026-K03027	K03014
K02999-K03000-K03001-K03002-K03003-K03004-K03005-K03006-K03007-K03008-K03009-K03010-K03011-K03012-K03013-K03014-K03015-K03016-K03017-K03018-K03019-K03020-K03021-K03022-K03023-K03024-K03025-K03026-K03027	K03015
K02999-K03000-K03001-K03002-K03003-K03004-K03005-K03006-K03007-K03008-K03009-K03010-K03011-K03012-K03013-K03014-K03015-K03016-K03017-K03018-K03019-K03020-K03021-K03022-K03023-K03024-K03025-K03026-K03027	K03016
K02999-K03000-K03001-K03002-K03003-K03004-K03005-K03006-K03007-K03008-K03009-K03010-K03011-K03012-K03013-K03014-K03015-K03016-K03017-K03018-K03019-K03020-K03021-K03022-K03023-K03024-K03025-K03026-K03027	K03017
K02999-K03000-K03001-K03002-K03003-K03004-K03005-K03006-K03007-K03008-K03009-K03010-K03011-K03012-K03013-K03014-K03015-K03016-K03017-K03018-K03019-K03020-K03021-K03022-K03023-K03024-K03025-K03026-K03027	K03018
K02999-K03000-K03001-K03002-K03003-K03004-K03005-K03006-K03007-K03008-K03009-K03010-K03011-K03012-K03013-K03014-K03015-K03016-K03017-K03018-K03019-K03020-K03021-K03022-K03023-K03024-K03025-K03026-K03027	K03019
K02999-K03000-K03001-K03002-K03003-K03004-K03005-K03006-K03007-K03008-K03009-K03010-K03011-K03012-K03013-K03014-K03015-K03016-K03017-K03018-K03019-K03020-K03021-K03022-K03023-K03024-K03025-K03026-K03027	K03020
K02999-K03000-K03001-K03002-K03003-K03004-K03005-K03006-K03007-K03008-K03009-K03010-K03011-K03012-K03013-K03014-K03015-K03016-K03017-K03018-K03019-K03020-K03021-K03022-K03023-K03024-K03025-K03026-K03027	K03021
K02999-K03000-K03001-K03002-K03003-K03004-K03005-K03006-K03007-K03008-K03009-K03010-K03011-K03012-K03013-K03014-K03015-K03016-K03017-K03018-K03019-K03020-K03021-K03022-K03023-K03024-K03025-K03026-K03027	K03022
K02999-K03000-K03001-K03002-K03003-K03004-K03005-K03006-K03007-K03008-K03009-K03010-K03011-K03012-K03013-K03014-K03015-K03016-K03017-K03018-K03019-K03020-K03021-K03022-K03023-K03024-K03025-K03026-K03027	K03023
K02999-K03000-K03001-K03002-K03003-K03004-K03005-K03006-K03007-K03008-K03009-K03010-K03011-K03012-K03013-K03014-K03015-K03016-K03017-K03018-K03019-K03020-K03021-K03022-K03023-K03024-K03025-K03026-K03027	K03024
K02999-K03000-K03001-K03002-K03003-K03004-K03005-K03006-K03007-K03008-K03009-K03010-K03011-K03012-K03013-K03014-K03015-K03016-K03017-K03018-K03019-K03020-K03021-K03022-K03023-K03024-K03025-K03026-K03027	K03025
K02999-K03000-K03001-K03002-K03003-K03004-K03005-K03006-K03007-K03008-K03009-K03010-K03011-K03012-K03013-K03014-K03015-K03016-K03017-K03018-K03019-K03020-K03021-K03022-K03023-K03024-K03025-K03026-K03027	K03026
K02999-K03000-K03001-K03002-K03003-K03004-K03005-K03006-K03007-K03008-K03009-K03010-K03011-K03012-K03013-K03014-K03015-K03016-K03017-K03018-K03019-K03020-K03021-K03022-K03023-K03024-K03025-K03026-K03027	K03027
K03040-K03041-K03042-K03043-K03044-K03045-K03046-K03047-K03048-K03049-K03050-K03051-K03052-K03053-K03054-K03055-K03056	K03040
K03040-K03041-K03042-K03043-K03044-K03045-K03046-K03047-K03048-K03049-K03050-K03051-K03052-K03053-K03054-K03055-K03056	K03041
K03040-K03041-K03042-K03043-K03044-K03045-K03046-K03047-K03048-K03049-K03050-K03051-K03052-K03053-K03054-K03055-K03056	K03042
K03040-K03041-K03042-K03043-K03044-K03045-K03046-K03047-K03048-K03049-K03050-K03051-K03052-K03053-K03054-K03055-K03056	K03043
K03040-K03041-K03042-K03043-K03044-K03045-K03046-K03047-K03048-K03049-K03050-K03051-K03052-K03053-K03054-K03055-K03056	K03044
K03040-K03041-K03042-K03043-K03044-K03045-K03046-K03047-K03048-K03049-K03050-K03051-K03052-K03053-K03054-K03055-K03056	K03045
K03040-K03041-K03042-K03043-K03044-K03045-K03046-K03047-K03048-K03049-K03050-K03051-K03052-K03053-K03054-K03055-K03056	K03046
K03040-K03041-K03042-K03043-K03044-K03045-K03046-K03047-K03048-K03049-K03050-K03051-K03052-K03053-K03054-K03055-K03056	K03047
K03040-K03041-K03042-K03043-K03044-K03045-K03046-K03047-K03048-K03049-K03050-K03051-K03052-K03053-K03054-K03055-K03056	K03048
K03040-K03041-K03042-K03043-K03044-K03045-K03046-K03047-K03048-K03049-K03050-K03051-K03052-K03053-K03054-K03055-K03056	K03049
K03040-K03041-K03042-K03043-K03044-K03045-K03046-K03047-K03048-K03049-K03050-K03051-K03052-K03053-K03054-K03055-K03056	K03050
K03040-K03041-K03042-K03043-K03044-K03045-K03046-K03047-K03048-K03049-K03050-K03051-K03052-K03053-K03054-K03055-K03056	K03051
K03040-K03041-K03042-K03043-K03044-K03045-K03046-K03047-K03048-K03049-K03050-K03051-K03052-K03053-K03054-K03055-K03056	K03052
K03040-K03041-K03042-K03043-K03044-K03045-K03046-K03047-K03048-K03049-K03050-K03051-K03052-K03053-K03054-K03055-K03056	K03053
K03040-K03041-K03042-K03043-K03044-K03045-K03046-K03047-K03048-K03049-K03050-K03051-K03052-K03053-K03054-K03055-K03056	K03054
K03040-K03041-K03042-K03043-K03044-K03045-K03046-K03047-K03048-K03049-K03050-K03051-K03052-K03053-K03054-K03055-K03056	K03055
K03040-K03041-K03042-K03043-K03044-K03045-K03046-K03047-K03048-K03049-K03050-K03051-K03052-K03053-K03054-K03055-K03056	K03056
K03058-K03059-K03060	K03058
K03058-K03059-K03060	K03059
K03058-K03059-K03060	K03060
K03077	K03077
K03078	K03078
K03079	K03079
K03080	K03080
K03081	K03081
K03082	K03082
K03084	K03084
K03103	K03103
K03119	K03119
K03146	K03146
K03147	K03147
K03149	K03149
K03150	K03150
K03153	K03153
K03179	K03179
K03181	K03181
K03182	K03182
K03183	K03183
K03184	K03184
K03185	K03185
K03186	K03186
K03268	K03268
K03269	K03269
K03270	K03270
K03271	K03271
K03272	K03272
K03273	K03273
K03274	K03274
K03276	K03276
K03278	K03278
K03279	K03279
K03280	K03280
K03330	K03330
K03331	K03331
K03333	K03333
K03334	K03334
K03335	K03335
K03336	K03336
K03337	K03337
K03338	K03338
K03339	K03339
K03340	K03340
K03341	K03341
K03342	K03342
K03343	K03343
K03365	K03365
K03366	K03366
K03367	K03367
K03378	K03378
K03379	K03379
K03380	K03380
K03381	K03381
K03382	K03382
K03383	K03383
K03384	K03384
K03385	K03385
K03388-K03389-K03390	K03388
K03388-K03389-K03390	K03389
K03388-K03389-K03390	K03390
K03391	K03391
K03392	K03392
K03393	K03393
K03394	K03394
K03396	K03396
K03399	K03399
K03403-K03404-K03405	K03403
K03403-K03404-K03405	K03404
K03403-K03404-K03405	K03405
K03416	K03416
K03417	K03417
K03418	K03418
K03419	K03419
K03426	K03426
K03428	K03428
K03429	K03429
K03430	K03430
K03431	K03431
K03462	K03462
K03464	K03464
K03465	K03465
K03472	K03472
K03473	K03473
K03474	K03474
K03475	K03475
K03476	K03476
K03504-K03505-K03506	K03504
K03504-K03505-K03506	K03505
K03504-K03505-K03506	K03506
K03517	K03517
K03518-K03519-K03520	K03518
K03518-K03519-K03520	K03519
K03518-K03519-K03520	K03520
K03524	K03524
K03525	K03525
K03526	K03526
K03527	K03527
K03594	K03594
K03621	K03621
K03635-K03636	K03635
K03635-K03636	K03636
K03637	K03637
K03639	K03639
K03644	K03644
K03707	K03707
K03715	K03715
K03735-K03736	K03735
K03735-K03736	K03736
K03737	K03737
K03738	K03738
K03742-K03743	K03742
K03742-K03743	K03743
K03763	K03763
K03777-K03778	K03777
K03777-K03778	K03778
K03779-K03780	K03779
K03779-K03780	K03780
K03781	K03781
K03782	K03782
K03783-K03784	K03783
K03783-K03784	K03784
K03785-K03786	K03785
K03785-K03786	K03786
K03787	K03787
K03788	K03788
K03794	K03794
K03795	K03795
K03800	K03800
K03801	K03801
K03809	K03809
K03815	K03815
K03816	K03816
K03821	K03821
K03823	K03823
K03841	K03841
K03851	K03851
K03852	K03852
K03856	K03856
K03878-K03879-K03880-K03881-K03882-K03883-K03884	K03878
K03878-K03879-K03880-K03881-K03882-K03883-K03884	K03879
K03878-K03879-K03880-K03881-K03882-K03883-K03884	K03880
K03878-K03879-K03880-K03881-K03882-K03883-K03884	K03881
K03878-K03879-K03880-K03881-K03882-K03883-K03884	K03882
K03878-K03879-K03880-K03881-K03882-K03883-K03884	K03883
K03878-K03879-K03880-K03881-K03882-K03883-K03884	K03884
K03894	K03894
K03895	K03895
K03896	K03896
K03897	K03897
K03921-K03922	K03921
K03921-K03922	K03922
K03927	K03927
K04019	K04019
K04020	K04020
K04021	K04021
K04022	K04022
K04032	K04032
K04034	K04034
K04035	K04035
K04036	K04036
K04037-K04038-K04039	K04037
K04037-K04038-K04039	K04038
K04037-K04038-K04039	K04039
K04040	K04040
K04041	K04041
K04042	K04042
K04071	K04071
K04072	K04072
K04073	K04073
K04091	K04091
K04092-K04093	K04092
K04092-K04093	K04093
K04097	K04097
K04098	K04098
K04099	K04099
K04100-K04101	K04100
K04100-K04101	K04101
K04102	K04102
K04103	K04103
K04105	K04105
K04107-K04108-K04109	K04107
K04107-K04108-K04109	K04108
K04107-K04108-K04109	K04109
K04110	K04110
K04112-K04113-K04114-K04115	K04112
K04112-K04113-K04114-K04115	K04113
K04112-K04113-K04114-K04115	K04114
K04112-K04113-K04114-K04115	K04115
K04116	K04116
K04117	K04117
K04118	K04118
K04119	K04119
K04120	K04120
K04121	K04121
K04122	K04122
K04123	K04123
K04124	K04124
K04125	K04125
K04126	K04126
K04127	K04127
K04128	K04128
K04283	K04283
K04339	K04339
K04340	K04340
K04341	K04341
K04342	K04342
K04480	K04480
K04486	K04486
K04487	K04487
K04516	K04516
K04517	K04517
K04518	K04518
K04561	K04561
K04566-K04567-K04568	K04566
K04566-K04567-K04568	K04567
K04566-K04567-K04568	K04568
K04618	K04618
K04628	K04628
K04708	K04708
K04709	K04709
K04710	K04710
K04711	K04711
K04712	K04712
K04713	K04713
K04714	K04714
K04715	K04715
K04716-K04717	K04716
K04716-K04717	K04717
K04718	K04718
K04719	K04719
K04720	K04720
K04742	K04742
K04743	K04743
K04765	K04765
K04781-K04782	K04781
K04781-K04782	K04782
K04835	K04835
K05275	K05275
K05277	K05277
K05278	K05278
K05279	K05279
K05280	K05280
K05281	K05281
K05282	K05282
K05283	K05283
K05285	K05285
K05287-K05288	K05287
K05287-K05288	K05288
K05295	K05295
K05296	K05296
K05297	K05297
K05298	K05298
K05299	K05299
K05301	K05301
K05304	K05304
K05305	K05305
K05306	K05306
K05307	K05307
K05308	K05308
K05309	K05309
K05310	K05310
K05341	K05341
K05342	K05342
K05343	K05343
K05344	K05344
K05349-K05350	K05349
K05349-K05350	K05350
K05351	K05351
K05352	K05352
K05353	K05353
K05354	K05354
K05355	K05355
K05356	K05356
K05357	K05357
K05358	K05358
K05359	K05359
K05360	K05360
K05361	K05361
K05362	K05362
K05363	K05363
K05364-K05365	K05364
K05364-K05365	K05365
K05368	K05368
K05369	K05369
K05370	K05370
K05371	K05371
K05375	K05375
K05394	K05394
K05395	K05395
K05396	K05396
K05523	K05523
K05525	K05525
K05526	K05526
K05549-K05550	K05549
K05549-K05550	K05550
K05551-K05552-K05553	K05551
K05551-K05552-K05553	K05552
K05551-K05552-K05553	K05553
K05554	K05554
K05556	K05556
K05597	K05597
K05599-K05600	K05599
K05599-K05600	K05600
K05601	K05601
K05602	K05602
K05603	K05603
K05604	K05604
K05605	K05605
K05606	K05606
K05607	K05607
K05708-K05709-K05710	K05708
K05708-K05709-K05710	K05709
K05708-K05709-K05710	K05710
K05711	K05711
K05712	K05712
K05713	K05713
K05714	K05714
K05774	K05774
K05780	K05780
K05783	K05783
K05784	K05784
K05797	K05797
K05821	K05821
K05822	K05822
K05823	K05823
K05824	K05824
K05825	K05825
K05827	K05827
K05828	K05828
K05829	K05829
K05830	K05830
K05831	K05831
K05848	K05848
K05851	K05851
K05857-K05858-K05859-K05860-K05861	K05857
K05857-K05858-K05859-K05860-K05861	K05858
K05857-K05858-K05859-K05860-K05861	K05859
K05857-K05858-K05859-K05860-K05861	K05860
K05857-K05858-K05859-K05860-K05861	K05861
K05873	K05873
K05878-K05879	K05878
K05878-K05879	K05879
K05884	K05884
K05887	K05887
K05894	K05894
K05895	K05895
K05898	K05898
K05901	K05901
K05906	K05906
K05907	K05907
K05913	K05913
K05915	K05915
K05917	K05917
K05921	K05921
K05928	K05928
K05929	K05929
K05933	K05933
K05934	K05934
K05936	K05936
K05939	K05939
K05947	K05947
K05954-K05955	K05954
K05954-K05955	K05955
K05957	K05957
K05979	K05979
K06001	K06001
K06013	K06013
K06034	K06034
K06035	K06035
K06041	K06041
K06042	K06042
K06045	K06045
K06101	K06101
K06116-K06117	K06116
K06116-K06117	K06117
K06118	K06118
K06119	K06119
K06120-K06121-K06122	K06120
K06120-K06121-K06122	K06121
K06120-K06121-K06122	K06122
K06123	K06123
K06124	K06124
K06125	K06125
K06126	K06126
K06127	K06127
K06128	K06128
K06129	K06129
K06130	K06130
K06131-K06132	K06131
K06131-K06132	K06132
K06133	K06133
K06134	K06134
K06151-K06152	K06151
K06151-K06152	K06152
K06153	K06153
K06162	K06162
K06163	K06163
K06164-K06165-K06166	K06164
K06164-K06165-K06166	K06165
K06164-K06165-K06166	K06166
K06167	K06167
K06193	K06193
K06208-K06209	K06208
K06208-K06209	K06209
K06210	K06210
K06211	K06211
K06215	K06215
K06281-K06282	K06281
K06281-K06282	K06282
K06443	K06443
K06444	K06444
K06445	K06445
K06446	K06446
K06447	K06447
K06606	K06606
K06611	K06611
K06617	K06617
K06718	K06718
K06720	K06720
K06859	K06859
K06863	K06863
K06868	K06868
K06879	K06879
K06896	K06896
K06912	K06912
K06920	K06920
K06928	K06928
K06981	K06981
K06982	K06982
K06989	K06989
K07008	K07008
K07026	K07026
K07029	K07029
K07031	K07031
K07046	K07046
K07104	K07104
K07106	K07106
K07127	K07127
K07130	K07130
K07151	K07151
K07173	K07173
K07246	K07246
K07248	K07248
K07249	K07249
K07250	K07250
K07251	K07251
K07252	K07252
K07253	K07253
K07255-K07256	K07255
K07255-K07256	K07256
K07264	K07264
K07281	K07281
K07291	K07291
K07306-K07307-K07308	K07306
K07306-K07307-K07308	K07307
K07306-K07307-K07308	K07308
K07381	K07381
K07382	K07382
K07384	K07384
K07385	K07385
K07404	K07404
K07406-K07407	K07406
K07406-K07407	K07407
K07408	K07408
K07409	K07409
K07410	K07410
K07411	K07411
K07412	K07412
K07413	K07413
K07414	K07414
K07415	K07415
K07416	K07416
K07418	K07418
K07419	K07419
K07420	K07420
K07422	K07422
K07424	K07424
K07425	K07425
K07430	K07430
K07431	K07431
K07433	K07433
K07434	K07434
K07436	K07436
K07437	K07437
K07438	K07438
K07439	K07439
K07440	K07440
K07508-K07509	K07508
K07508-K07509	K07509
K07511	K07511
K07512	K07512
K07513	K07513
K07514	K07514
K07515	K07515
K07516	K07516
K07518	K07518
K07534	K07534
K07535	K07535
K07536	K07536
K07537	K07537
K07538	K07538
K07539	K07539
K07540	K07540
K07543-K07544	K07543
K07543-K07544	K07544
K07545	K07545
K07546	K07546
K07547-K07548	K07547
K07547-K07548	K07548
K07549-K07550	K07549
K07549-K07550	K07550
K07553	K07553
K07587	K07587
K07732	K07732
K07748	K07748
K07750	K07750
K07751	K07751
K07753	K07753
K07758	K07758
K07779	K07779
K07806	K07806
K07816	K07816
K07823	K07823
K07824	K07824
K07966-K07967	K07966
K07966-K07967	K07967
K08021	K08021
K08022	K08022
K08041-K08042-K08043-K08044-K08045-K08046-K08047-K08048-K08049	K08041
K08041-K08042-K08043-K08044-K08045-K08046-K08047-K08048-K08049	K08042
K08041-K08042-K08043-K08044-K08045-K08046-K08047-K08048-K08049	K08043
K08041-K08042-K08043-K08044-K08045-K08046-K08047-K08048-K08049	K08044
K08041-K08042-K08043-K08044-K08045-K08046-K08047-K08048-K08049	K08045
K08041-K08042-K08043-K08044-K08045-K08046-K08047-K08048-K08049	K08046
K08041-K08042-K08043-K08044-K08045-K08046-K08047-K08048-K08049	K08047
K08041-K08042-K08043-K08044-K08045-K08046-K08047-K08048-K08049	K08048
K08041-K08042-K08043-K08044-K08045-K08046-K08047-K08048-K08049	K08049
K08069	K08069
K08074	K08074
K08080	K08080
K08081	K08081
K08092	K08092
K08093	K08093
K08094	K08094
K08096	K08096
K08097	K08097
K08099	K08099
K08100	K08100
K08101	K08101
K08105	K08105
K08106	K08106
K08232	K08232
K08233	K08233
K08241	K08241
K08242	K08242
K08243	K08243
K08246	K08246
K08247	K08247
K08248	K08248
K08249	K08249
K08260	K08260
K08261	K08261
K08262	K08262
K08264-K08265	K08264
K08264-K08265	K08265
K08281	K08281
K08289	K08289
K08295	K08295
K08302	K08302
K08312	K08312
K08318	K08318
K08322	K08322
K08323	K08323
K08324	K08324
K08325	K08325
K08351	K08351
K08352-K08353-K08354	K08352
K08352-K08353-K08354	K08353
K08352-K08353-K08354	K08354
K08357-K08358-K08359	K08357
K08357-K08358-K08359	K08358
K08357-K08358-K08359	K08359
K08591	K08591
K08658	K08658
K08660	K08660
K08678	K08678
K08679	K08679
K08680	K08680
K08681	K08681
K08683	K08683
K08685	K08685
K08686	K08686
K08687	K08687
K08688	K08688
K08689	K08689
K08690	K08690
K08691	K08691
K08692	K08692
K08693	K08693
K08695	K08695
K08710	K08710
K08718	K08718
K08723	K08723
K08726	K08726
K08728	K08728
K08729	K08729
K08730	K08730
K08738	K08738
K08743	K08743
K08744	K08744
K08748	K08748
K08764	K08764
K08765-K08766	K08765
K08765-K08766	K08766
K08963	K08963
K08964	K08964
K08965	K08965
K08966	K08966
K08967	K08967
K08968	K08968
K08969	K08969
K09007	K09007
K09011	K09011
K09018	K09018
K09019	K09019
K09020	K09020
K09021	K09021
K09023	K09023
K09024	K09024
K09065	K09065
K09186-K09187-K09188-K09189	K09186
K09186-K09187-K09188-K09189	K09187
K09186-K09187-K09188-K09189	K09188
K09186-K09187-K09188-K09189	K09189
K09251	K09251
K09457	K09457
K09458	K09458
K09459	K09459
K09461	K09461
K09470	K09470
K09471	K09471
K09472	K09472
K09473	K09473
K09474	K09474
K09478	K09478
K09479	K09479
K09480	K09480
K09482	K09482
K09483	K09483
K09484	K09484
K09516	K09516
K09587	K09587
K09589	K09589
K09590	K09590
K09591	K09591
K09658-K09659	K09658
K09658-K09659	K09659
K09667	K09667
K09680	K09680
K09698	K09698
K09699	K09699
K09709	K09709
K09722	K09722
K09753	K09753
K09754	K09754
K09755	K09755
K09756	K09756
K09757	K09757
K09758	K09758
K09759	K09759
K09827	K09827
K09828	K09828
K09829	K09829
K09831	K09831
K09832	K09832
K09833	K09833
K09834	K09834
K09835	K09835
K09836	K09836
K09837	K09837
K09838	K09838
K09839	K09839
K09840	K09840
K09841	K09841
K09842	K09842
K09843	K09843
K09844	K09844
K09845	K09845
K09846	K09846
K09847	K09847
K09879	K09879
K09880	K09880
K09881	K09881
K09882-K09883	K09882
K09882-K09883	K09883
K09887	K09887
K09903	K09903
K10011	K10011
K10012	K10012
K10026	K10026
K10027	K10027
K10046	K10046
K10047	K10047
K10105	K10105
K10106	K10106
K10150	K10150
K10156	K10156
K10187	K10187
K10203	K10203
K10205	K10205
K10206	K10206
K10207	K10207
K10208	K10208
K10209	K10209
K10210	K10210
K10211	K10211
K10212	K10212
K10213	K10213
K10214	K10214
K10215	K10215
K10216	K10216
K10217	K10217
K10218	K10218
K10219	K10219
K10220	K10220
K10221	K10221
K10222	K10222
K10223	K10223
K10226	K10226
K10244	K10244
K10245-K10246	K10245
K10245-K10246	K10246
K10247-K10248-K10249-K10250	K10247
K10247-K10248-K10249-K10250	K10248
K10247-K10248-K10249-K10250	K10249
K10247-K10248-K10249-K10250	K10250
K10251	K10251
K10258	K10258
K10353	K10353
K10437	K10437
K10438	K10438
K10524	K10524
K10525	K10525
K10526	K10526
K10527	K10527
K10528	K10528
K10533	K10533
K10534	K10534
K10535	K10535
K10536	K10536
K10566	K10566
K10572	K10572
K10616	K10616
K10617	K10617
K10618	K10618
K10619	K10619
K10620	K10620
K10621	K10621
K10622	K10622
K10623	K10623
K10674	K10674
K10675	K10675
K10676	K10676
K10678-K10679-K10680	K10678
K10678-K10679-K10680	K10679
K10678-K10679-K10680	K10680
K10700	K10700
K10701	K10701
K10702	K10702
K10703	K10703
K10705	K10705
K10712	K10712
K10713	K10713
K10714	K10714
K10717	K10717
K10718	K10718
K10719	K10719
K10720	K10720
K10721	K10721
K10722	K10722
K10723	K10723
K10724	K10724
K10757	K10757
K10760	K10760
K10764	K10764
K10774	K10774
K10775	K10775
K10780	K10780
K10781	K10781
K10782	K10782
K10793-K10794-K10795-K10796	K10793
K10793-K10794-K10795-K10796	K10794
K10793-K10794-K10795-K10796	K10795
K10793-K10794-K10795-K10796	K10796
K10797	K10797
K10807-K10808	K10807
K10807-K10808	K10808
K10810	K10810
K10814-K10815-K10816	K10814
K10814-K10815-K10816	K10815
K10814-K10815-K10816	K10816
K10817	K10817
K10837	K10837
K10852	K10852
K10944-K10945-K10946	K10944
K10944-K10945-K10946	K10945
K10944-K10945-K10946	K10946
K10960	K10960
K10977	K10977
K10978	K10978
K10984-K10985-K10986	K10984
K10984-K10985-K10986	K10985
K10984-K10985-K10986	K10986
K11029	K11029
K11067	K11067
K11121	K11121
K11140	K11140
K11142	K11142
K11146	K11146
K11147	K11147
K11148	K11148
K11149	K11149
K11150-K11151	K11150
K11150-K11151	K11151
K11152	K11152
K11153	K11153
K11154	K11154
K11155	K11155
K11156	K11156
K11157	K11157
K11158	K11158
K11160	K11160
K11175	K11175
K11176	K11176
K11177-K11178	K11177
K11177-K11178	K11178
K11180-K11181	K11180
K11180-K11181	K11181
K11182	K11182
K11185-K11186	K11185
K11185-K11186	K11186
K11188	K11188
K11191-K11192	K11191
K11191-K11192	K11192
K11194-K11195-K11196	K11194
K11194-K11195-K11196	K11195
K11194-K11195-K11196	K11196
K11204-K11205	K11204
K11204-K11205	K11205
K11207	K11207
K11211	K11211
K11212	K11212
K11214	K11214
K11258	K11258
K11260-K11261	K11260
K11260-K11261	K11261
K11262	K11262
K11263	K11263
K11264	K11264
K11265	K11265
K11311	K11311
K11333-K11334-K11335	K11333
K11333-K11334-K11335	K11334
K11333-K11334-K11335	K11335
K11336	K11336
K11337	K11337
K11358	K11358
K11381	K11381
K11389	K11389
K11394	K11394
K11395	K11395
K11410	K11410
K11419-K11420-K11421-K11422-K11423-K11424-K11425	K11419
K11419-K11420-K11421-K11422-K11423-K11424-K11425	K11420
K11419-K11420-K11421-K11422-K11423-K11424-K11425	K11421
K11419-K11420-K11421-K11422-K11423-K11424-K11425	K11422
K11419-K11420-K11421-K11422-K11423-K11424-K11425	K11423
K11419-K11420-K11421-K11422-K11423-K11424-K11425	K11424
K11419-K11420-K11421-K11422-K11423-K11424-K11425	K11425
K11427-K11428-K11429	K11427
K11427-K11428-K11429	K11428
K11427-K11428-K11429	K11429
K11431	K11431
K11433	K11433
K11440	K11440
K11441	K11441
K11472-K11473	K11472
K11472-K11473	K11473
K11517	K11517
K11528	K11528
K11529	K11529
K11532	K11532
K11533	K11533
K11538	K11538
K11540	K11540
K11541	K11541
K11627	K11627
K11645	K11645
K11646	K11646
K11693	K11693
K11694	K11694
K11695	K11695
K11703	K11703
K11717	K11717
K11731	K11731
K11751	K11751
K11752	K11752
K11753	K11753
K11754	K11754
K11755	K11755
K11778	K11778
K11780-K11781	K11780
K11780-K11781	K11781
K11782	K11782
K11783	K11783
K11784	K11784
K11785	K11785
K11787	K11787
K11788	K11788
K11808	K11808
K11809	K11809
K11812-K11813	K11812
K11812-K11813	K11813
K11816	K11816
K11817	K11817
K11818	K11818
K11819	K11819
K11820	K11820
K11821	K11821
K11822	K11822
K11868	K11868
K11942	K11942
K11943-K11944	K11943
K11943-K11944	K11944
K11945	K11945
K11946	K11946
K11947	K11947
K11948	K11948
K11949	K11949
K11987	K11987
K11992	K11992
K12047	K12047
K12073	K12073
K12111-K12112	K12111
K12111-K12112	K12112
K12153	K12153
K12154	K12154
K12155	K12155
K12156	K12156
K12234	K12234
K12235	K12235
K12249	K12249
K12250	K12250
K12251	K12251
K12252	K12252
K12253	K12253
K12254	K12254
K12255	K12255
K12256	K12256
K12259	K12259
K12298	K12298
K12304-K12305	K12304
K12304-K12305	K12305
K12308	K12308
K12309	K12309
K12316-K12317	K12316
K12316-K12317	K12317
K12318-K12319-K12320-K12321	K12318
K12318-K12319-K12320-K12321	K12319
K12318-K12319-K12320-K12321	K12320
K12318-K12319-K12320-K12321	K12321
K12323-K12324	K12323
K12323-K12324	K12324
K12338	K12338
K12339	K12339
K12343-K12344-K12345	K12343
K12343-K12344-K12345	K12344
K12343-K12344-K12345	K12345
K12348-K12349	K12348
K12348-K12349	K12349
K12350-K12351-K12352-K12353-K12354	K12350
K12350-K12351-K12352-K12353-K12354	K12351
K12350-K12351-K12352-K12353-K12354	K12352
K12350-K12351-K12352-K12353-K12354	K12353
K12350-K12351-K12352-K12353-K12354	K12354
K12355	K12355
K12356	K12356
K12357	K12357
K12405	K12405
K12406	K12406
K12407	K12407
K12408	K12408
K12409	K12409
K12420	K12420
K12446	K12446
K12447	K12447
K12448	K12448
K12449	K12449
K12450	K12450
K12451	K12451
K12452	K12452
K12453	K12453
K12454	K12454
K12455	K12455
K12466	K12466
K12467	K12467
K12468	K12468
K12501	K12501
K12502	K12502
K12503	K12503
K12504-K12505	K12504
K12504-K12505	K12505
K12506	K12506
K12524-K12525	K12524
K12524-K12525	K12525
K12526	K12526
K12554	K12554
K12570	K12570
K12628	K12628
K12629	K12629
K12630	K12630
K12631	K12631
K12632	K12632
K12633	K12633
K12634	K12634
K12635	K12635
K12636	K12636
K12637-K12638	K12637
K12637-K12638	K12638
K12640	K12640
K12643	K12643
K12644	K12644
K12645	K12645
K12657	K12657
K12658	K12658
K12659	K12659
K12660	K12660
K12661	K12661
K12664-K12665	K12664
K12664-K12665	K12665
K12673	K12673
K12674	K12674
K12675	K12675
K12676	K12676
K12677	K12677
K12692	K12692
K12693	K12693
K12694	K12694
K12695	K12695
K12696	K12696
K12697	K12697
K12698	K12698
K12699	K12699
K12701	K12701
K12702	K12702
K12703-K12704	K12703
K12703-K12704	K12704
K12705	K12705
K12707	K12707
K12708	K12708
K12709	K12709
K12710	K12710
K12711	K12711
K12712	K12712
K12713	K12713
K12714	K12714
K12715	K12715
K12717	K12717
K12718	K12718
K12719-K12720	K12719
K12719-K12720	K12720
K12721	K12721
K12722	K12722
K12723	K12723
K12724	K12724
K12725	K12725
K12726-K12727	K12726
K12726-K12727	K12727
K12729	K12729
K12730	K12730
K12731	K12731
K12732	K12732
K12742	K12742
K12743	K12743
K12744	K12744
K12745	K12745
K12747	K12747
K12748	K12748
K12901	K12901
K12902	K12902
K12903	K12903
K12904	K12904
K12905	K12905
K12906	K12906
K12907	K12907
K12908	K12908
K12909	K12909
K12910	K12910
K12911-K12912-K12913	K12911
K12911-K12912-K12913	K12912
K12911-K12912-K12913	K12913
K12914	K12914
K12915	K12915
K12917	K12917
K12918	K12918
K12919	K12919
K12920	K12920
K12921	K12921
K12922	K12922
K12923	K12923
K12924	K12924
K12925	K12925
K12926	K12926
K12927	K12927
K12928	K12928
K12929	K12929
K12930	K12930
K12931	K12931
K12932	K12932
K12933	K12933
K12934	K12934
K12935	K12935
K12936	K12936
K12937	K12937
K12938	K12938
K12939	K12939
K12972	K12972
K13010	K13010
K13014	K13014
K13015	K13015
K13016	K13016
K13017	K13017
K13018	K13018
K13019	K13019
K13020	K13020
K13027	K13027
K13029	K13029
K13030	K13030
K13031	K13031
K13032	K13032
K13033	K13033
K13034	K13034
K13035	K13035
K13038	K13038
K13039	K13039
K13042	K13042
K13043	K13043
K13057	K13057
K13064	K13064
K13065	K13065
K13066	K13066
K13067	K13067
K13068	K13068
K13070	K13070
K13071	K13071
K13077	K13077
K13078	K13078
K13079	K13079
K13080	K13080
K13081	K13081
K13082	K13082
K13083	K13083
K13222	K13222
K13223	K13223
K13224	K13224
K13225	K13225
K13226	K13226
K13227-K13228	K13227
K13227-K13228	K13228
K13229	K13229
K13230	K13230
K13231	K13231
K13232	K13232
K13233	K13233
K13234	K13234
K13235	K13235
K13238-K13239	K13238
K13238-K13239	K13239
K13240-K13241-K13242	K13240
K13240-K13241-K13242	K13241
K13240-K13241-K13242	K13242
K13247	K13247
K13248	K13248
K13253	K13253
K13257	K13257
K13258	K13258
K13259	K13259
K13260	K13260
K13261	K13261
K13262	K13262
K13263	K13263
K13264	K13264
K13265	K13265
K13266	K13266
K13267	K13267
K13269	K13269
K13270	K13270
K13271	K13271
K13272	K13272
K13273	K13273
K13293-K13294	K13293
K13293-K13294	K13294
K13296	K13296
K13298	K13298
K13299	K13299
K13306	K13306
K13307	K13307
K13308	K13308
K13309	K13309
K13310	K13310
K13311	K13311
K13312	K13312
K13313	K13313
K13314	K13314
K13315	K13315
K13316	K13316
K13317	K13317
K13318	K13318
K13319	K13319
K13320	K13320
K13321	K13321
K13322	K13322
K13323	K13323
K13324	K13324
K13325	K13325
K13326	K13326
K13327	K13327
K13328	K13328
K13329	K13329
K13330	K13330
K13331	K13331
K13332	K13332
K13356	K13356
K13366	K13366
K13367	K13367
K13368	K13368
K13369	K13369
K13370	K13370
K13371-K13372	K13371
K13371-K13372	K13372
K13373	K13373
K13379	K13379
K13381	K13381
K13382	K13382
K13383	K13383
K13384	K13384
K13385	K13385
K13386	K13386
K13387	K13387
K13388	K13388
K13389	K13389
K13390	K13390
K13391	K13391
K13392	K13392
K13393	K13393
K13394	K13394
K13395	K13395
K13396	K13396
K13397	K13397
K13398	K13398
K13399	K13399
K13400	K13400
K13401	K13401
K13402	K13402
K13403	K13403
K13407	K13407
K13421	K13421
K13427	K13427
K13479-K13480-K13481-K13482-K13483	K13479
K13479-K13480-K13481-K13482-K13483	K13480
K13479-K13480-K13481-K13482-K13483	K13481
K13479-K13480-K13481-K13482-K13483	K13482
K13479-K13480-K13481-K13482-K13483	K13483
K13484	K13484
K13485	K13485
K13492	K13492
K13493	K13493
K13494	K13494
K13495	K13495
K13497	K13497
K13498	K13498
K13499-K13500	K13499
K13499-K13500	K13500
K13501	K13501
K13503	K13503
K13506-K13507-K13508	K13506
K13506-K13507-K13508	K13507
K13506-K13507-K13508	K13508
K13509	K13509
K13510	K13510
K13511	K13511
K13512	K13512
K13513	K13513
K13514	K13514
K13515	K13515
K13516	K13516
K13517	K13517
K13519	K13519
K13522	K13522
K13523	K13523
K13524	K13524
K13534	K13534
K13535	K13535
K13540	K13540
K13541	K13541
K13542-K13543	K13542
K13542-K13543	K13543
K13544	K13544
K13545	K13545
K13546	K13546
K13547	K13547
K13548	K13548
K13549	K13549
K13550	K13550
K13551	K13551
K13552	K13552
K13553	K13553
K13554	K13554
K13555	K13555
K13556	K13556
K13559	K13559
K13560	K13560
K13561	K13561
K13562	K13562
K13563	K13563
K13564	K13564
K13565	K13565
K13566	K13566
K13600	K13600
K13601-K13602-K13603	K13601
K13601-K13602-K13603	K13602
K13601-K13602-K13603	K13603
K13604	K13604
K13605	K13605
K13606	K13606
K13607	K13607
K13608	K13608
K13609	K13609
K13610	K13610
K13621	K13621
K13622	K13622
K13623	K13623
K13624	K13624
K13644	K13644
K13645	K13645
K13646	K13646
K13647	K13647
K13648	K13648
K13677	K13677
K13711	K13711
K13712	K13712
K13713	K13713
K13745	K13745
K13746	K13746
K13747	K13747
K13755	K13755
K13756-K13757-K13758-K13759-K13760-K13761-K13762-K13763	K13756
K13756-K13757-K13758-K13759-K13760-K13761-K13762-K13763	K13757
K13756-K13757-K13758-K13759-K13760-K13761-K13762-K13763	K13758
K13756-K13757-K13758-K13759-K13760-K13761-K13762-K13763	K13759
K13756-K13757-K13758-K13759-K13760-K13761-K13762-K13763	K13760
K13756-K13757-K13758-K13759-K13760-K13761-K13762-K13763	K13761
K13756-K13757-K13758-K13759-K13760-K13761-K13762-K13763	K13762
K13756-K13757-K13758-K13759-K13760-K13761-K13762-K13763	K13763
K13766	K13766
K13767	K13767
K13774-K13775	K13774
K13774-K13775	K13775
K13776	K13776
K13777-K13778	K13777
K13777-K13778	K13778
K13779	K13779
K13786	K13786
K13787	K13787
K13788	K13788
K13789	K13789
K13797-K13798	K13797
K13797-K13798	K13798
K13799	K13799
K13800	K13800
K13809	K13809
K13810	K13810
K13811	K13811
K13812	K13812
K13821	K13821
K13829	K13829
K13830	K13830
K13831	K13831
K13832	K13832
K13853	K13853
K13873	K13873
K13874	K13874
K13875	K13875
K13876	K13876
K13877	K13877
K13919-K13920	K13919
K13919-K13920	K13920
K13921	K13921
K13922	K13922
K13923	K13923
K13937	K13937
K13938	K13938
K13939	K13939
K13940	K13940
K13941	K13941
K13942	K13942
K13950	K13950
K13951-K13952	K13951
K13951-K13952	K13952
K13953	K13953
K13954	K13954
K13967	K13967
K13980	K13980
K13987-K13988	K13987
K13987-K13988	K13988
K13990	K13990
K13995	K13995
K13998	K13998
K14028-K14029	K14028
K14028-K14029	K14029
K14036	K14036
K14037	K14037
K14038	K14038
K14039	K14039
K14040	K14040
K14041	K14041
K14042	K14042
K14043	K14043
K14044	K14044
K14045	K14045
K14046	K14046
K14047	K14047
K14048	K14048
K14066	K14066
K14067	K14067
K14073-K14074-K14075-K14076	K14073
K14073-K14074-K14075-K14076	K14074
K14073-K14074-K14075-K14076	K14075
K14073-K14074-K14075-K14076	K14076
K14080-K14081	K14080
K14080-K14081	K14081
K14082	K14082
K14083-K14084	K14083
K14083-K14084	K14084
K14085	K14085
K14138	K14138
K14152	K14152
K14153	K14153
K14154	K14154
K14155	K14155
K14156	K14156
K14157	K14157
K14159	K14159
K14163	K14163
K14164	K14164
K14170	K14170
K14173	K14173
K14174	K14174
K14175	K14175
K14176	K14176
K14177	K14177
K14178	K14178
K14179	K14179
K14180	K14180
K14181	K14181
K14182	K14182
K14183	K14183
K14184	K14184
K14185	K14185
K14186	K14186
K14187	K14187
K14188	K14188
K14190	K14190
K14244	K14244
K14245-K14246-K14247	K14245
K14245-K14246-K14247	K14246
K14245-K14246-K14247	K14247
K14248	K14248
K14249	K14249
K14250	K14250
K14251	K14251
K14252	K14252
K14253	K14253
K14254	K14254
K14255	K14255
K14256	K14256
K14257	K14257
K14259	K14259
K14260	K14260
K14263	K14263
K14264	K14264
K14265	K14265
K14267	K14267
K14268	K14268
K14272	K14272
K14273	K14273
K14274	K14274
K14275	K14275
K14286	K14286
K14329	K14329
K14333	K14333
K14334	K14334
K14338	K14338
K14366	K14366
K14367	K14367
K14368	K14368
K14369	K14369
K14370	K14370
K14371	K14371
K14372	K14372
K14373	K14373
K14374	K14374
K14375	K14375
K14417	K14417
K14418	K14418
K14419-K14420	K14419
K14419-K14420	K14420
K14421	K14421
K14422	K14422
K14423	K14423
K14424	K14424
K14446	K14446
K14447	K14447
K14448	K14448
K14449	K14449
K14451	K14451
K14452	K14452
K14454-K14455	K14454
K14454-K14455	K14455
K14456	K14456
K14457-K14458	K14457
K14457-K14458	K14458
K14465	K14465
K14466-K14467	K14466
K14466-K14467	K14467
K14468	K14468
K14469	K14469
K14470	K14470
K14471-K14472	K14471
K14471-K14472	K14472
K14481-K14482	K14481
K14481-K14482	K14482
K14519	K14519
K14520	K14520
K14534	K14534
K14541	K14541
K14542	K14542
K14577	K14577
K14578	K14578
K14579-K14580	K14579
K14579-K14580	K14580
K14581	K14581
K14582	K14582
K14583	K14583
K14584	K14584
K14585	K14585
K14586	K14586
K14592	K14592
K14593	K14593
K14594	K14594
K14595	K14595
K14596	K14596
K14597	K14597
K14598	K14598
K14599-K14600	K14599
K14599-K14600	K14600
K14601	K14601
K14602-K14603	K14602
K14602-K14603	K14603
K14604	K14604
K14605-K14606	K14605
K14605-K14606	K14606
K14621	K14621
K14626-K14627	K14626
K14626-K14627	K14627
K14628-K14629	K14628
K14628-K14629	K14629
K14630	K14630
K14631	K14631
K14632	K14632
K14633	K14633
K14634	K14634
K14641-K14642	K14641
K14641-K14642	K14642
K14652	K14652
K14653	K14653
K14654	K14654
K14655	K14655
K14656	K14656
K14674	K14674
K14675	K14675
K14676	K14676
K14677	K14677
K14681	K14681
K14682	K14682
K14721	K14721
K14727	K14727
K14730	K14730
K14731	K14731
K14732	K14732
K14733	K14733
K14735	K14735
K14746	K14746
K14747	K14747
K14748-K14749-K14750	K14748
K14748-K14749-K14750	K14749
K14748-K14749-K14750	K14750
K14751	K14751
K14755	K14755
K14756	K14756
K14759	K14759
K14760	K14760
K14937	K14937
K14938	K14938
K14939	K14939
K14940	K14940
K14959	K14959
K14974	K14974
K14975	K14975
K14976	K14976
K14977	K14977
K14984	K14984
K14985	K14985
K15013	K15013
K15016	K15016
K15017	K15017
K15018	K15018
K15019	K15019
K15020	K15020
K15022	K15022
K15023	K15023
K15024	K15024
K15036	K15036
K15037	K15037
K15038	K15038
K15039	K15039
K15052	K15052
K15054	K15054
K15055	K15055
K15056	K15056
K15057	K15057
K15058-K15059	K15058
K15058-K15059	K15059
K15060	K15060
K15061	K15061
K15062	K15062
K15063	K15063
K15064	K15064
K15065	K15065
K15066	K15066
K15067	K15067
K15086	K15086
K15087	K15087
K15088	K15088
K15089	K15089
K15090	K15090
K15091	K15091
K15092	K15092
K15093	K15093
K15094	K15094
K15095	K15095
K15096	K15096
K15097	K15097
K15098	K15098
K15099	K15099
K15226-K15227	K15226
K15226-K15227	K15227
K15228-K15229	K15228
K15228-K15229	K15229
K15230-K15231	K15230
K15230-K15231	K15231
K15232-K15233	K15232
K15232-K15233	K15233
K15234	K15234
K15236	K15236
K15237-K15238	K15237
K15237-K15238	K15238
K15239	K15239
K15240	K15240
K15241	K15241
K15242	K15242
K15243-K15244	K15243
K15243-K15244	K15244
K15245	K15245
K15246	K15246
K15247	K15247
K15248-K15249-K15250-K15251	K15248
K15248-K15249-K15250-K15251	K15249
K15248-K15249-K15250-K15251	K15250
K15248-K15249-K15250-K15251	K15251
K15252	K15252
K15253	K15253
K15303	K15303
K15316	K15316
K15357	K15357
K15358	K15358
K15359	K15359
K15371	K15371
K15372	K15372
K15373	K15373
K15397	K15397
K15398	K15398
K15399	K15399
K15400	K15400
K15401	K15401
K15402	K15402
K15405	K15405
K15406	K15406
K15422	K15422
K15428	K15428
K15467	K15467
K15472	K15472
K15506	K15506
K15517	K15517
K15518	K15518
K15519	K15519
K15567-K15568	K15567
K15567-K15568	K15568
K15569-K15570	K15569
K15569-K15570	K15570
K15571	K15571
K15572	K15572
K15573	K15573
K15574-K15575	K15574
K15574-K15575	K15575
K15588	K15588
K15633-K15634-K15635	K15633
K15633-K15634-K15635	K15634
K15633-K15634-K15635	K15635
K15639	K15639
K15652	K15652
K15669	K15669
K15680	K15680
K15717	K15717
K15718	K15718
K15728	K15728
K15729-K15730	K15729
K15729-K15730	K15730
K15734	K15734
K15739	K15739
K15740	K15740
K15741	K15741
K15742	K15742
K15744	K15744
K15745	K15745
K15748	K15748
K15749	K15749
K15750	K15750
K15751-K15752-K15753	K15751
K15751-K15752-K15753	K15752
K15751-K15752-K15753	K15753
K15754-K15755	K15754
K15754-K15755	K15755
K15756	K15756
K15757-K15758	K15757
K15757-K15758	K15758
K15759	K15759
K15760-K15761	K15760
K15760-K15761	K15761
K15762	K15762
K15763-K15764	K15763
K15763-K15764	K15764
K15765	K15765
K15766-K15767	K15766
K15766-K15767	K15767
K15768-K15769	K15768
K15768-K15769	K15769
K15774	K15774
K15775	K15775
K15776	K15776
K15777	K15777
K15778	K15778
K15779	K15779
K15780	K15780
K15783	K15783
K15784	K15784
K15785	K15785
K15786	K15786
K15787	K15787
K15788	K15788
K15789	K15789
K15792	K15792
K15793	K15793
K15794	K15794
K15795	K15795
K15796	K15796
K15797	K15797
K15798	K15798
K15799	K15799
K15800	K15800
K15801	K15801
K15802	K15802
K15803	K15803
K15804	K15804
K15805	K15805
K15806	K15806
K15807	K15807
K15808	K15808
K15809	K15809
K15810	K15810
K15811	K15811
K15812	K15812
K15813	K15813
K15814	K15814
K15815	K15815
K15816	K15816
K15817	K15817
K15818	K15818
K15819	K15819
K15820	K15820
K15821	K15821
K15822	K15822
K15823	K15823
K15824	K15824
K15825	K15825
K15826	K15826
K15849	K15849
K15855	K15855
K15856	K15856
K15857	K15857
K15858	K15858
K15864	K15864
K15866	K15866
K15876	K15876
K15877	K15877
K15880-K15881-K15882	K15880
K15880-K15881-K15882	K15881
K15880-K15881-K15882	K15882
K15883	K15883
K15884	K15884
K15885	K15885
K15886	K15886
K15887	K15887
K15888	K15888
K15889	K15889
K15890-K15891	K15890
K15890-K15891	K15891
K15892	K15892
K15893	K15893
K15894	K15894
K15895	K15895
K15896	K15896
K15897	K15897
K15898	K15898
K15899	K15899
K15907	K15907
K15909	K15909
K15913	K15913
K15916	K15916
K15918	K15918
K15919	K15919
K15920	K15920
K15922	K15922
K15926	K15926
K15927	K15927
K15928	K15928
K15929	K15929
K15930	K15930
K15931	K15931
K15932-K15933	K15932
K15932-K15933	K15933
K15934	K15934
K15935	K15935
K15936	K15936
K15937	K15937
K15938	K15938
K15939	K15939
K15940	K15940
K15941	K15941
K15942	K15942
K15943	K15943
K15944	K15944
K15945	K15945
K15946-K15947	K15946
K15946-K15947	K15947
K15948	K15948
K15949	K15949
K15950	K15950
K15951-K15952	K15951
K15951-K15952	K15952
K15953	K15953
K15954	K15954
K15955	K15955
K15956	K15956
K15957	K15957
K15958	K15958
K15959	K15959
K15960	K15960
K15961	K15961
K15962	K15962
K15963	K15963
K15964	K15964
K15965	K15965
K15966	K15966
K15967	K15967
K15968	K15968
K15969	K15969
K15970	K15970
K15971	K15971
K15972	K15972
K15981	K15981
K15982-K15983	K15982
K15982-K15983	K15983
K15988	K15988
K15989-K15990	K15989
K15989-K15990	K15990
K15991	K15991
K15992	K15992
K15993	K15993
K15994	K15994
K15995	K15995
K15996	K15996
K15997	K15997
K15998	K15998
K15999	K15999
K16000-K16001-K16002	K16000
K16000-K16001-K16002	K16001
K16000-K16001-K16002	K16002
K16003	K16003
K16004-K16005	K16004
K16004-K16005	K16005
K16006	K16006
K16007	K16007
K16008	K16008
K16009	K16009
K16010	K16010
K16011	K16011
K16015	K16015
K16016	K16016
K16017	K16017
K16018	K16018
K16019	K16019
K16020	K16020
K16021	K16021
K16023	K16023
K16033	K16033
K16034	K16034
K16035	K16035
K16036	K16036
K16037	K16037
K16038	K16038
K16039	K16039
K16040	K16040
K16043	K16043
K16044	K16044
K16045	K16045
K16046	K16046
K16047-K16048	K16047
K16047-K16048	K16048
K16049	K16049
K16050	K16050
K16051	K16051
K16054	K16054
K16055	K16055
K16066	K16066
K16082	K16082
K16083	K16083
K16084	K16084
K16085	K16085
K16086	K16086
K16146	K16146
K16148	K16148
K16150	K16150
K16153	K16153
K16157-K16158-K16159-K16160-K16161-K16162	K16157
K16157-K16158-K16159-K16160-K16161-K16162	K16158
K16157-K16158-K16159-K16160-K16161-K16162	K16159
K16157-K16158-K16159-K16160-K16161-K16162	K16160
K16157-K16158-K16159-K16160-K16161-K16162	K16161
K16157-K16158-K16159-K16160-K16161-K16162	K16162
K16163	K16163
K16164-K16165	K16164
K16164-K16165	K16165
K16171	K16171
K16173	K16173
K16176-K16177	K16176
K16176-K16177	K16177
K16178-K16179	K16178
K16178-K16179	K16179
K16180	K16180
K16181	K16181
K16182	K16182
K16190	K16190
K16204	K16204
K16205	K16205
K16206	K16206
K16207	K16207
K16242-K16243-K16244-K16245-K16246	K16242
K16242-K16243-K16244-K16245-K16246	K16243
K16242-K16243-K16244-K16245-K16246	K16244
K16242-K16243-K16244-K16245-K16246	K16245
K16242-K16243-K16244-K16245-K16246	K16246
K16249	K16249
K16265	K16265
K16266	K16266
K16268	K16268
K16269	K16269
K16270	K16270
K16303-K16304	K16303
K16303-K16304	K16304
K16305	K16305
K16306	K16306
K16319-K16320	K16319
K16319-K16320	K16320
K16328	K16328
K16329	K16329
K16330	K16330
K16342-K16343	K16342
K16342-K16343	K16343
K16363	K16363
K16368	K16368
K16369	K16369
K16370	K16370
K16371	K16371
K16421	K16421
K16422	K16422
K16423	K16423
K16424-K16425-K16426	K16424
K16424-K16425-K16426	K16425
K16424-K16425-K16426	K16426
K16427	K16427
K16435	K16435
K16436	K16436
K16437	K16437
K16438	K16438
K16439	K16439
K16443	K16443
K16514	K16514
K16515	K16515
K16619	K16619
K16651	K16651
K16792-K16793	K16792
K16792-K16793	K16793
K16794-K16795	K16794
K16794-K16795	K16795
K16816	K16816
K16817	K16817
K16818	K16818
K16838	K16838
K16839	K16839
K16840	K16840
K16841	K16841
K16842	K16842
K16843	K16843
K16844	K16844
K16845-K16846	K16845
K16845-K16846	K16846
K16849-K16850	K16849
K16849-K16850	K16850
K16855	K16855
K16856	K16856
K16860	K16860
K16871	K16871
K16873	K16873
K16874-K16875	K16874
K16874-K16875	K16875
K16876	K16876
K16877-K16878-K16879	K16877
K16877-K16878-K16879	K16878
K16877-K16878-K16879	K16879
K16880	K16880
K16881	K16881
K16901	K16901
K16902	K16902
K16903	K16903
K16904	K16904
K16936-K16937	K16936
K16936-K16937	K16937
K16950-K16951	K16950
K16950-K16951	K16951
K16952	K16952
K16953	K16953
K16954-K16955	K16954
K16954-K16955	K16955
K16964-K16965-K16966	K16964
K16964-K16965-K16966	K16965
K16964-K16965-K16966	K16966
K16967	K16967
K16968-K16969	K16968
K16968-K16969	K16969
K17048-K17049	K17048
K17048-K17049	K17049
K17054	K17054
K17055	K17055
K17056	K17056
K17057	K17057
K17058	K17058
K17059	K17059
K17066	K17066
K17067-K17068	K17067
K17067-K17068	K17068
K17069	K17069
K17070	K17070
K17078	K17078
K17100	K17100
K17103	K17103
K17104	K17104
K17105	K17105
K17108	K17108
K17192	K17192
K17193	K17193
K17194	K17194
K17195	K17195
K17211	K17211
K17212	K17212
K17216	K17216
K17217	K17217
K17218	K17218
K17219-K17220-K17221	K17219
K17219-K17220-K17221	K17220
K17219-K17220-K17221	K17221
K17222-K17223-K17224-K17225-K17226-K17227	K17222
K17222-K17223-K17224-K17225-K17226-K17227	K17223
K17222-K17223-K17224-K17225-K17226-K17227	K17224
K17222-K17223-K17224-K17225-K17226-K17227	K17225
K17222-K17223-K17224-K17225-K17226-K17227	K17226
K17222-K17223-K17224-K17225-K17226-K17227	K17227
K17228	K17228
K17229-K17230	K17229
K17229-K17230	K17230
K17360	K17360
K17363	K17363
K17364	K17364
K17398-K17399	K17398
K17398-K17399	K17399
K17450	K17450
K17462	K17462
K17463	K17463
K17464-K17465-K17466-K17467	K17464
K17464-K17465-K17466-K17467	K17465
K17464-K17465-K17466-K17467	K17466
K17464-K17465-K17466-K17467	K17467
K17468	K17468
K17489-K17490	K17489
K17489-K17490	K17490
K17497	K17497
K17625	K17625
K17626	K17626
K17627	K17627
K17628-K17629	K17628
K17628-K17629	K17629
K17643	K17643
K17644	K17644
K17645	K17645
K17646	K17646
K17647	K17647
K17648	K17648
K17649	K17649
K17650	K17650
K17651	K17651
K17652	K17652
K17683	K17683
K17685	K17685
K17687	K17687
K17689	K17689
K17690	K17690
K17691	K17691
K17709	K17709
K17712	K17712
K17716	K17716
K17717	K17717
K17718	K17718
K17719	K17719
K17720	K17720
K17721	K17721
K17722-K17723	K17722
K17722-K17723	K17723
K17724	K17724
K17726	K17726
K17728	K17728
K17738	K17738
K17741	K17741
K17743	K17743
K17744	K17744
K17748	K17748
K17749	K17749
K17750	K17750
K17753	K17753
K17755	K17755
K17761	K17761
K17818	K17818
K17819	K17819
K17828	K17828
K17829	K17829
K17830	K17830
K17832	K17832
K17836-K17837-K17838	K17836
K17836-K17837-K17838	K17837
K17836-K17837-K17838	K17838
K17839	K17839
K17841	K17841
K17842	K17842
K17851	K17851
K17862	K17862
K17863	K17863
K17864	K17864
K17865	K17865
K17877	K17877
K17898-K17899	K17898
K17898-K17899	K17899
K17900	K17900
K17911	K17911
K17912	K17912
K17913	K17913
K17939	K17939
K17942	K17942
K17947	K17947
K17950	K17950
K17961	K17961
K17982	K17982
K17989	K17989
K17991	K17991
K17993-K17994-K17995-K17996	K17993
K17993-K17994-K17995-K17996	K17994
K17993-K17994-K17995-K17996	K17995
K17993-K17994-K17995-K17996	K17996
K18010	K18010
K18011	K18011
K18012	K18012
K18013	K18013
K18014	K18014
K18020-K18021-K18022	K18020
K18020-K18021-K18022	K18021
K18020-K18021-K18022	K18022
K18028	K18028
K18029-K18030	K18029
K18029-K18030	K18030
K18049	K18049
K18062	K18062
K18067	K18067
K18068-K18069	K18068
K18068-K18069	K18069
K18071	K18071
K18074-K18075	K18074
K18074-K18075	K18075
K18076	K18076
K18077	K18077
K18087-K18088	K18087
K18087-K18088	K18088
K18089-K18090	K18089
K18089-K18090	K18090
K18092	K18092
K18102	K18102
K18103	K18103
K18106	K18106
K18107	K18107
K18108	K18108
K18109	K18109
K18110	K18110
K18111	K18111
K18112	K18112
K18113	K18113
K18118	K18118
K18119	K18119
K18120	K18120
K18121	K18121
K18122	K18122
K18123	K18123
K18124	K18124
K18125	K18125
K18126	K18126
K18127	K18127
K18128	K18128
K18134	K18134
K18151	K18151
K18152	K18152
K18153	K18153
K18199	K18199
K18201	K18201
K18202	K18202
K18209-K18210	K18209
K18209-K18210	K18210
K18223-K18224-K18225-K18226	K18223
K18223-K18224-K18225-K18226	K18224
K18223-K18224-K18225-K18226	K18225
K18223-K18224-K18225-K18226	K18226
K18227	K18227
K18240	K18240
K18242-K18243	K18242
K18242-K18243	K18243
K18245-K18246	K18245
K18245-K18246	K18246
K18248-K18249	K18248
K18248-K18249	K18249
K18251-K18252-K18253-K18254	K18251
K18251-K18252-K18253-K18254	K18252
K18251-K18252-K18253-K18254	K18253
K18251-K18252-K18253-K18254	K18254
K18255	K18255
K18256	K18256
K18257	K18257
K18275	K18275
K18276	K18276
K18277	K18277
K18282	K18282
K18283	K18283
K18284	K18284
K18285	K18285
K18286	K18286
K18288	K18288
K18289	K18289
K18290-K18291	K18290
K18290-K18291	K18291
K18292	K18292
K18293	K18293
K18309	K18309
K18310	K18310
K18311	K18311
K18312	K18312
K18315	K18315
K18316	K18316
K18317	K18317
K18318-K18319	K18318
K18318-K18319	K18319
K18333	K18333
K18334	K18334
K18335	K18335
K18336	K18336
K18337	K18337
K18338	K18338
K18339	K18339
K18355-K18356-K18357-K18358-K18359	K18355
K18355-K18356-K18357-K18358-K18359	K18356
K18355-K18356-K18357-K18358-K18359	K18357
K18355-K18356-K18357-K18358-K18359	K18358
K18355-K18356-K18357-K18358-K18359	K18359
K18360-K18361-K18362-K18363	K18360
K18360-K18361-K18362-K18363	K18361
K18360-K18361-K18362-K18363	K18362
K18360-K18361-K18362-K18363	K18363
K18364	K18364
K18365	K18365
K18366	K18366
K18368	K18368
K18369-K18370	K18369
K18369-K18370	K18370
K18371	K18371
K18372	K18372
K18382	K18382
K18383	K18383
K18384	K18384
K18385	K18385
K18386	K18386
K18387	K18387
K18388	K18388
K18389	K18389
K18390	K18390
K18391	K18391
K18392	K18392
K18393	K18393
K18394	K18394
K18395	K18395
K18396	K18396
K18397	K18397
K18424	K18424
K18426	K18426
K18429	K18429
K18430	K18430
K18431	K18431
K18436-K18437	K18436
K18436-K18437	K18437
K18438	K18438
K18445	K18445
K18447	K18447
K18453	K18453
K18471	K18471
K18472	K18472
K18473	K18473
K18474	K18474
K18482	K18482
K18494	K18494
K18532	K18532
K18533	K18533
K18534	K18534
K18541	K18541
K18550-K18551	K18550
K18550-K18551	K18551
K18556-K18557-K18558-K18559-K18560	K18556
K18556-K18557-K18558-K18559-K18560	K18557
K18556-K18557-K18558-K18559-K18560	K18558
K18556-K18557-K18558-K18559-K18560	K18559
K18556-K18557-K18558-K18559-K18560	K18560
K18562	K18562
K18563	K18563
K18564	K18564
K18565	K18565
K18566	K18566
K18568	K18568
K18569	K18569
K18570	K18570
K18571	K18571
K18572	K18572
K18575	K18575
K18582	K18582
K18583	K18583
K18589-K18590-K18591	K18589
K18589-K18590-K18591	K18590
K18589-K18590-K18591	K18591
K18592	K18592
K18593	K18593
K18594	K18594
K18601	K18601
K18602	K18602
K18603-K18604-K18605	K18603
K18603-K18604-K18605	K18604
K18603-K18604-K18605	K18605
K18606	K18606
K18607	K18607
K18608	K18608
K18609	K18609
K18610	K18610
K18611	K18611
K18612	K18612
K18613	K18613
K18614	K18614
K18649	K18649
K18660-K18661-K18662	K18660
K18660-K18661-K18662	K18661
K18660-K18661-K18662	K18662
K18675	K18675
K18676	K18676
K18677	K18677
K18689	K18689
K18690	K18690
K18693	K18693
K18694	K18694
K18695-K18696	K18695
K18695-K18696	K18696
K18697	K18697
K18698-K18699	K18698
K18698-K18699	K18699
K18766-K18767	K18766
K18766-K18767	K18767
K18775	K18775
K18800	K18800
K18804	K18804
K18805	K18805
K18818	K18818
K18819	K18819
K18824-K18825	K18824
K18824-K18825	K18825
K18826	K18826
K18836	K18836
K18851	K18851
K18852	K18852
K18853	K18853
K18854	K18854
K18857	K18857
K18858	K18858
K18859-K18860	K18859
K18859-K18860	K18860
K18861	K18861
K18881	K18881
K18896	K18896
K18897	K18897
K18911	K18911
K18912-K18913	K18912
K18912-K18913	K18913
K18933	K18933
K18966	K18966
K18974	K18974
K18978	K18978
K18981	K18981
K18982	K18982
K18983	K18983
K19002	K19002
K19003	K19003
K19004	K19004
K19005	K19005
K19006	K19006
K19007	K19007
K19010	K19010
K19011	K19011
K19021	K19021
K19054	K19054
K19064	K19064
K19065	K19065
K19066	K19066
K19067	K19067
K19073	K19073
K19102-K19103	K19102
K19102-K19103	K19103
K19104	K19104
K19105	K19105
K19106	K19106
K19107	K19107
K19108	K19108
K19109	K19109
K19110	K19110
K19111	K19111
K19112	K19112
K19113	K19113
K19177	K19177
K19180	K19180
K19185-K19186-K19187	K19185
K19185-K19186-K19187	K19186
K19185-K19186-K19187	K19187
K19188	K19188
K19189	K19189
K19190	K19190
K19191	K19191
K19221	K19221
K19222	K19222
K19243	K19243
K19244	K19244
K19246	K19246
K19266	K19266
K19267	K19267
K19268	K19268
K19269	K19269
K19280	K19280
K19281	K19281
K19282	K19282
K19285	K19285
K19286	K19286
K19302	K19302
K19312	K19312
K19355	K19355
K19356-K19357	K19356
K19356-K19357	K19357
